{
"type": "FeatureCollection",
"name": "Isopay",
"crs": { "type": "name", "properties": { "name": "urn:ogc:def:crs:OGC:1.3:CRS84" } },
"features": [
{ "type": "Feature", "properties": { "id": 0, "Thickness": 0, "Livello": "A" }, "geometry": { "type": "MultiPolygon", "coordinates": [ [ [ [ 9.196660580307308, 31.690749925069024 ], [ 9.197365450882373, 31.692191705790748 ], [ 9.197557688311935, 31.692656279578859 ], [ 9.197749925741499, 31.693297071010736 ], [ 9.197910123599469, 31.694194179015366 ], [ 9.198166440172219, 31.694834970447243 ], [ 9.198326638030188, 31.695347603592744 ], [ 9.198550915031346, 31.695924315881435 ], [ 9.198679073317722, 31.696340830312156 ], [ 9.198999469033661, 31.696789384314471 ], [ 9.199191706463223, 31.697269977888379 ], [ 9.19957618132235, 31.697878729748663 ], [ 9.199928616609883, 31.698295244179381 ], [ 9.20031309146901, 31.698679719038509 ], [ 9.200633487184948, 31.699032154326041 ], [ 9.201017962044075, 31.699288470898793 ], [ 9.201370397331607, 31.699576827043138 ], [ 9.201754872190733, 31.699769064472701 ], [ 9.202331584479424, 31.699961301902263 ], [ 9.202716059338551, 31.700057420617046 ], [ 9.203164613340864, 31.700089460188639 ], [ 9.203613167343178, 31.700217618475016 ], [ 9.204189879631867, 31.700217618475016 ], [ 9.20470251277737, 31.700185578903419 ], [ 9.204862710635339, 31.700121499760233 ], [ 9.205151066779685, 31.699961301902263 ], [ 9.20585593735475, 31.699704985329511 ], [ 9.206176333070689, 31.699480708328355 ], [ 9.206464689215034, 31.699352550041979 ], [ 9.206785084930972, 31.699160312612417 ], [ 9.20726567850488, 31.698968075182854 ], [ 9.207521995077631, 31.698839916896478 ], [ 9.207650153364007, 31.698711758610102 ], [ 9.208002588651539, 31.698423402465757 ], [ 9.208290944795884, 31.698263204607787 ], [ 9.208547261368635, 31.698070967178225 ], [ 9.208771538369792, 31.69778261103388 ], [ 9.209027854942544, 31.697590373604317 ], [ 9.209220092372107, 31.697462215317941 ], [ 9.20957252765964, 31.697237938316785 ], [ 9.20998904209036, 31.697013661315626 ], [ 9.210469635664268, 31.69688550302925 ], [ 9.211014308381364, 31.696821423886064 ], [ 9.211526941526866, 31.696661226028095 ], [ 9.212007535100774, 31.696533067741719 ], [ 9.212456089103089, 31.696565107313312 ], [ 9.213032801391778, 31.696565107313312 ], [ 9.213577474108874, 31.696565107313312 ], [ 9.21412214682597, 31.696565107313312 ], [ 9.214602740399878, 31.696565107313312 ], [ 9.215371690118131, 31.696597146884905 ], [ 9.216044521121603, 31.696468988598532 ], [ 9.216717352125073, 31.696468988598532 ], [ 9.217229985270576, 31.696244711597373 ], [ 9.217934855845641, 31.696052474167811 ], [ 9.21851156813433, 31.695764118023465 ], [ 9.219024201279833, 31.695507801450713 ], [ 9.219697032283303, 31.695091287019995 ], [ 9.220209665428806, 31.694738851732463 ], [ 9.220594140287933, 31.694514574731304 ], [ 9.221010654718652, 31.694258258158552 ], [ 9.221395129577779, 31.694001941585803 ], [ 9.221875723151687, 31.693649506298271 ], [ 9.222324277154001, 31.693297071010736 ], [ 9.222740791584723, 31.692976675294798 ], [ 9.223157306015443, 31.692592200435673 ], [ 9.223734018304132, 31.692143646433358 ], [ 9.22405441402007, 31.691791211145826 ], [ 9.224470928450792, 31.691631013287857 ], [ 9.224823363738324, 31.691406736286698 ], [ 9.22520783859745, 31.691182459285542 ], [ 9.225752511314546, 31.690830023998007 ], [ 9.226008827887297, 31.690637786568445 ], [ 9.226425342318018, 31.690477588710475 ], [ 9.226905935891926, 31.690221272137727 ], [ 9.227194292036272, 31.690029034708161 ], [ 9.227706925181772, 31.689740678563815 ], [ 9.22818751875568, 31.689452322419474 ], [ 9.228571993614807, 31.689292124561504 ], [ 9.22908462676031, 31.689035807988752 ], [ 9.229629299477406, 31.688651333129624 ], [ 9.230045813908125, 31.688298897842092 ], [ 9.230462328338847, 31.688010541697746 ], [ 9.23091088234116, 31.687690145981808 ], [ 9.231455555058256, 31.687017314978338 ], [ 9.231615752916225, 31.686793037977182 ], [ 9.231775950774194, 31.686568760976023 ], [ 9.232128386061728, 31.686056127830522 ], [ 9.232256544348104, 31.68570369254299 ], [ 9.232448781777666, 31.685255138540676 ], [ 9.232608979635636, 31.684838624109954 ], [ 9.232737137922012, 31.684197832678077 ], [ 9.232769177493605, 31.683589080817793 ], [ 9.232737137922012, 31.683044408100695 ], [ 9.232673058778824, 31.682435656240415 ], [ 9.232512860920854, 31.682115260524476 ], [ 9.23232062349129, 31.681634666950565 ], [ 9.232000227775352, 31.681057954661878 ], [ 9.231679832059413, 31.680561341302173 ], [ 9.231487594629851, 31.680144826871452 ], [ 9.231327396771881, 31.679888510298699 ], [ 9.231103119770724, 31.679504035439574 ], [ 9.230814763626379, 31.679151600152039 ], [ 9.230558447053628, 31.678767125292914 ], [ 9.230270090909283, 31.678190413004224 ], [ 9.230141932622908, 31.677998175574661 ], [ 9.229885616050156, 31.677613700715536 ], [ 9.229533180762624, 31.677069027998439 ], [ 9.229405022476248, 31.676652513567717 ], [ 9.229180745475091, 31.676171919993809 ], [ 9.229052587188717, 31.675691326419901 ], [ 9.228892389330746, 31.675146653702807 ], [ 9.228764231044371, 31.674730139272086 ], [ 9.228636072757995, 31.674217506126585 ], [ 9.228507914471621, 31.673672833409487 ], [ 9.228379756185245, 31.673128160692393 ], [ 9.228315677042056, 31.672807764976454 ], [ 9.228155479184087, 31.67229513183095 ], [ 9.228091400040899, 31.671718419542263 ], [ 9.228091400040899, 31.671173746825165 ], [ 9.228091400040899, 31.670436836678508 ], [ 9.228123439612494, 31.669539728673879 ], [ 9.228155479184087, 31.668738739384032 ], [ 9.22818751875568, 31.667713473093027 ], [ 9.22818751875568, 31.666864424445791 ], [ 9.22818751875568, 31.665999356012755 ], [ 9.228379756185245, 31.665294485437691 ], [ 9.228411795756838, 31.664301258718279 ], [ 9.228507914471621, 31.663564348571619 ], [ 9.228571993614807, 31.662859477996555 ], [ 9.228828310187559, 31.661706053419177 ], [ 9.228956468473934, 31.660680787128172 ], [ 9.229180745475091, 31.659751639551949 ], [ 9.229437062047841, 31.658534135831381 ], [ 9.229757457763782, 31.657444790397189 ], [ 9.229949695193344, 31.65654768239256 ], [ 9.230302130480878, 31.655522416101558 ], [ 9.230878842769567, 31.654048595808238 ], [ 9.231359436343475, 31.652927210802453 ], [ 9.232032267346948, 31.651597568581309 ], [ 9.232673058778825, 31.650508223147117 ], [ 9.233442008497079, 31.649418877712925 ], [ 9.234178918643739, 31.648553809279889 ], [ 9.235011947505178, 31.647624661703667 ], [ 9.236005174224589, 31.646567355841068 ], [ 9.237030440515593, 31.645766366551221 ], [ 9.23767123194747, 31.645189654262534 ], [ 9.238055706806596, 31.644869258546596 ], [ 9.238696498238475, 31.644420704544281 ], [ 9.239433408385134, 31.643908071398776 ], [ 9.240170318531792, 31.643427477824869 ], [ 9.240875189106859, 31.642914844679368 ], [ 9.241515980538736, 31.642530369820243 ], [ 9.242413088543364, 31.641921617959959 ], [ 9.243182038261617, 31.641505103529237 ], [ 9.243983027551463, 31.640992470383736 ], [ 9.244880135556093, 31.640543916381421 ], [ 9.245296649986811, 31.640367698737656 ], [ 9.245809283132312, 31.639919144735341 ], [ 9.246353955849408, 31.639630788590996 ], [ 9.246962707709692, 31.639246313731867 ], [ 9.247859815714321, 31.638861838872742 ], [ 9.248628765432574, 31.638477364013614 ], [ 9.249141398578075, 31.638189007869272 ], [ 9.249750150438359, 31.637868612153333 ], [ 9.250294823155455, 31.637612295580581 ], [ 9.25099969373052, 31.637291899864643 ], [ 9.251384168589647, 31.637067622863484 ], [ 9.251864762163555, 31.636715187575952 ], [ 9.252441474452246, 31.63636275228842 ], [ 9.252825949311372, 31.635978277429292 ], [ 9.253434701171654, 31.635497683855384 ], [ 9.253883255173969, 31.635145248567852 ], [ 9.254395888319472, 31.634696694565537 ], [ 9.255004640179754, 31.63421610099163 ], [ 9.255645431611633, 31.633639388702939 ], [ 9.255965827327572, 31.63338307213019 ], [ 9.256158064757134, 31.633126755557438 ], [ 9.256574579187856, 31.632614122411937 ], [ 9.256798856189013, 31.632325766267591 ], [ 9.257119251904951, 31.63190925183687 ], [ 9.257407608049295, 31.631492737406152 ], [ 9.257663924622047, 31.631140302118617 ], [ 9.257728003765234, 31.630851945974275 ], [ 9.257888201623205, 31.630563589829929 ], [ 9.258016359909579, 31.630147075399208 ], [ 9.258208597339143, 31.629410165252548 ], [ 9.25827267648233, 31.628801413392264 ], [ 9.25827267648233, 31.628160621960387 ], [ 9.258208597339143, 31.627615949243292 ], [ 9.258080439052767, 31.627391672242133 ], [ 9.257888201623205, 31.626943118239819 ], [ 9.257631885050452, 31.626590682952287 ], [ 9.257311489334514, 31.626270287236348 ], [ 9.257087212333357, 31.626046010235193 ], [ 9.25670273747423, 31.625757654090847 ], [ 9.256446420901479, 31.625533377089688 ], [ 9.255997866899165, 31.62527706051694 ], [ 9.255421154610476, 31.624924625229408 ], [ 9.254908521464973, 31.624796466943032 ], [ 9.254427927891065, 31.624604229513466 ], [ 9.253947334317157, 31.62437995251231 ], [ 9.253210424170497, 31.624251794225934 ], [ 9.252825949311372, 31.624091596367965 ], [ 9.252441474452246, 31.623931398509995 ], [ 9.251832722591962, 31.623803240223619 ], [ 9.251352129018054, 31.62364304236565 ], [ 9.251095812445302, 31.623418765364494 ], [ 9.250326862727048, 31.622994241040875 ], [ 9.249974427439517, 31.622769964039719 ], [ 9.249621992151983, 31.622481607895374 ], [ 9.249397715150828, 31.622225291322621 ], [ 9.249205477721263, 31.621968974749873 ], [ 9.249045279863294, 31.621808776891903 ], [ 9.248885082005325, 31.621680618605527 ], [ 9.248692844575761, 31.621392262461182 ], [ 9.248340409288229, 31.620879629315681 ], [ 9.248276330145041, 31.620623312742929 ], [ 9.248052053143883, 31.620174758740614 ], [ 9.247891855285914, 31.61963008602352 ], [ 9.247795736571133, 31.619085413306422 ], [ 9.247571459569976, 31.618508701017731 ], [ 9.247411261712006, 31.617867909585854 ], [ 9.24728310342563, 31.617419355583539 ], [ 9.247186984710849, 31.617098959867601 ], [ 9.24702678685288, 31.616682445436883 ], [ 9.246738430708534, 31.616073693576599 ], [ 9.246385995421003, 31.615336783429939 ], [ 9.245969480990283, 31.614760071141248 ], [ 9.245488887416373, 31.614215398424154 ], [ 9.244944214699277, 31.613702765278653 ], [ 9.244207304552619, 31.613350329991118 ], [ 9.243918948408274, 31.613222171704741 ], [ 9.243342236119584, 31.612965855131993 ], [ 9.24289368211727, 31.612965855131993 ], [ 9.242413088543362, 31.612997894703586 ], [ 9.241964534541047, 31.612997894703586 ], [ 9.241580059681921, 31.613222171704741 ], [ 9.241035386964825, 31.613254211276338 ], [ 9.240522753819324, 31.613478488277494 ], [ 9.239753804101071, 31.613862963136622 ], [ 9.239241170955568, 31.614311517138933 ], [ 9.238792616953253, 31.614663952426469 ], [ 9.238087746378188, 31.615336783429939 ], [ 9.237543073661092, 31.61591349571863 ], [ 9.236742084371246, 31.616842643294852 ], [ 9.236293530368931, 31.617291197297167 ], [ 9.235620699365461, 31.617867909585854 ], [ 9.235364382792708, 31.618252384444983 ], [ 9.234851749647207, 31.618700938447297 ], [ 9.234307076930111, 31.619149492449608 ], [ 9.233602206355046, 31.619598046451923 ], [ 9.233377929353892, 31.619974511418153 ], [ 9.232929375351578, 31.620198788419309 ], [ 9.232352663062889, 31.620647342421623 ], [ 9.231679832059417, 31.620839579851186 ], [ 9.230846803197975, 31.621288133853501 ], [ 9.230238051337691, 31.621480371283063 ], [ 9.229629299477409, 31.621672608712629 ], [ 9.228796270615968, 31.621960964856974 ], [ 9.227642846038588, 31.622313400144506 ], [ 9.22616902574527, 31.622986231147976 ], [ 9.22559231345658, 31.623114389434352 ], [ 9.225079680311078, 31.623370706007105 ], [ 9.22459908673717, 31.623691101723043 ], [ 9.224054414020074, 31.624011497438982 ], [ 9.22344566215979, 31.62449209101289 ], [ 9.222836910299506, 31.624780447157235 ], [ 9.222196118867629, 31.625357159445922 ], [ 9.221779604436909, 31.625741634305051 ], [ 9.221299010863001, 31.626190188307366 ], [ 9.220754338145905, 31.626702821452866 ], [ 9.220273744571998, 31.627343612884744 ], [ 9.219729071854902, 31.627952364745028 ], [ 9.21931255742418, 31.628497037462122 ], [ 9.21905624085143, 31.628945591464436 ], [ 9.218351370276363, 31.629994887434137 ], [ 9.217774657987674, 31.630859955867173 ], [ 9.217486301843328, 31.631340549441081 ], [ 9.21700570826942, 31.632045420016144 ], [ 9.216557154267106, 31.632814369734398 ], [ 9.216236758551167, 31.633647398595841 ], [ 9.215788204548852, 31.634320229599311 ], [ 9.215660046262478, 31.634768783601626 ], [ 9.215371690118133, 31.635409575033503 ], [ 9.215019254830599, 31.63605036646538 ], [ 9.214698859114661, 31.63678727661204 ], [ 9.213705632395252, 31.638637561871587 ], [ 9.21328911796453, 31.639790986448965 ], [ 9.212936682676999, 31.64023954045128 ], [ 9.212488128674684, 31.640944411026343 ], [ 9.211975495529181, 31.641777439887786 ], [ 9.211334704097304, 31.642898824893571 ], [ 9.210693912665427, 31.644116328614139 ], [ 9.209636606802828, 31.646070742481363 ], [ 9.208995815370951, 31.647240186844542 ], [ 9.208515221797043, 31.648041176134388 ], [ 9.20816278650951, 31.649034402853797 ], [ 9.20774627207879, 31.64986743171524 ], [ 9.207297718076475, 31.650892698006242 ], [ 9.206913243217349, 31.651629608152902 ], [ 9.206528768358222, 31.652174280869996 ], [ 9.205855937354752, 31.653648101163316 ], [ 9.205503502067218, 31.6542568530236 ], [ 9.205086987636498, 31.654929684027071 ], [ 9.204734552348965, 31.655602515030541 ], [ 9.2040296817739, 31.656787979179516 ], [ 9.203773365201151, 31.657196483717339 ], [ 9.203324811198838, 31.657933393863996 ], [ 9.202908296768117, 31.658510106152686 ], [ 9.202619940623773, 31.658926620583408 ], [ 9.202235465764646, 31.659631491158471 ], [ 9.201626713904362, 31.660400440876725 ], [ 9.201338357760017, 31.660720836592663 ], [ 9.200857764186109, 31.661297548881354 ], [ 9.200409210183794, 31.661938340313231 ], [ 9.200056774896263, 31.662515052601922 ], [ 9.199640260465541, 31.66283544831786 ], [ 9.199383943892791, 31.663316041891768 ], [ 9.199159666891633, 31.663796635465676 ], [ 9.198807231604102, 31.664245189467991 ], [ 9.198518875459756, 31.664757822613492 ], [ 9.198102361029036, 31.665334534902183 ], [ 9.197814004884691, 31.665783088904497 ], [ 9.197397490453971, 31.666487959479561 ], [ 9.197077094738033, 31.667064671768252 ], [ 9.196756699022092, 31.667673423628536 ], [ 9.196500382449342, 31.668089938059257 ], [ 9.196179986733403, 31.668794808634321 ], [ 9.196660580307308, 31.690749925069024 ] ] ] ] } },
{ "type": "Feature", "properties": { "id": 2, "Thickness": 5, "Livello": "A" }, "geometry": { "type": "MultiPolygon", "coordinates": [ [ [ [ 9.237017189790164, 31.641932090338106 ], [ 9.237543443280593, 31.64189160930038 ], [ 9.237988734695573, 31.641851128262655 ], [ 9.23855546922373, 31.641770166187204 ], [ 9.238798355450083, 31.641689204111753 ], [ 9.239405571015965, 31.641365355809949 ], [ 9.23997230554412, 31.641041507508145 ], [ 9.240620002147727, 31.640717659206341 ], [ 9.242401167807646, 31.63974611430093 ], [ 9.243291750637606, 31.639260341848225 ], [ 9.243818004128038, 31.638815050433244 ], [ 9.244708586957998, 31.638369759018264 ], [ 9.245356283561604, 31.638005429678735 ], [ 9.246125423278388, 31.63760061930148 ], [ 9.246894562995172, 31.637236289961951 ], [ 9.247501778561054, 31.636790998546974 ], [ 9.248149475164659, 31.636345707131994 ], [ 9.24867572865509, 31.63602185883019 ], [ 9.249161501107796, 31.635738491566112 ], [ 9.249687754598227, 31.635414643264308 ], [ 9.250335451201833, 31.634928870811603 ], [ 9.250861704692264, 31.634766946660701 ], [ 9.25134747714497, 31.634443098358897 ], [ 9.251711806484499, 31.634200212132544 ], [ 9.252278541012656, 31.633754920717564 ], [ 9.25284527554081, 31.633390591378035 ], [ 9.253250085918065, 31.633147705151682 ], [ 9.253816820446222, 31.632621451661251 ], [ 9.254424036012104, 31.632176160246271 ], [ 9.254747884313907, 31.631730868831294 ], [ 9.255112213653437, 31.631245096378588 ], [ 9.255314618842062, 31.630637880812706 ], [ 9.255436061955239, 31.630394994586354 ], [ 9.255557505068415, 31.629990184209099 ], [ 9.255597986106141, 31.629382968643217 ], [ 9.255557505068415, 31.628937677228237 ], [ 9.255395580917513, 31.628451904775531 ], [ 9.255274137804337, 31.628047094398276 ], [ 9.255031251577986, 31.62748035987012 ], [ 9.254747884313907, 31.627277954681492 ], [ 9.254221630823476, 31.626913625341963 ], [ 9.253816820446222, 31.626711220153339 ], [ 9.253412010068967, 31.626508814964712 ], [ 9.252804794503085, 31.626306409776085 ], [ 9.252319022050381, 31.626184966662908 ], [ 9.251630844409048, 31.625982561474281 ], [ 9.251226034031793, 31.625820637323379 ], [ 9.250780742616813, 31.625699194210203 ], [ 9.250254489126382, 31.62545630798385 ], [ 9.249647273560502, 31.625253902795222 ], [ 9.249242463183247, 31.624970535531144 ], [ 9.248554285541914, 31.624565725153889 ], [ 9.247906588938307, 31.62420139581436 ], [ 9.247461297523328, 31.623796585437105 ], [ 9.247137449221524, 31.623472737135302 ], [ 9.24673263884427, 31.623108407795772 ], [ 9.246489752617917, 31.622744078456243 ], [ 9.246246866391564, 31.622379749116714 ], [ 9.246084942240662, 31.621893976664008 ], [ 9.245842056014309, 31.621246280060404 ], [ 9.245639650825682, 31.620720026569973 ], [ 9.245599169787956, 31.62039617826817 ], [ 9.245518207712506, 31.619991367890915 ], [ 9.245437245637055, 31.619708000626837 ], [ 9.245356283561604, 31.619343671287307 ], [ 9.245194359410702, 31.618938860910053 ], [ 9.245072916297525, 31.618615012608249 ], [ 9.244951473184349, 31.618372126381896 ], [ 9.244830030071174, 31.618129240155543 ], [ 9.244587143844821, 31.617805391853739 ], [ 9.244344257618469, 31.617481543551936 ], [ 9.24406089035439, 31.617279138363308 ], [ 9.243818004128038, 31.617076733174681 ], [ 9.243494155826234, 31.616914809023779 ], [ 9.243210788562155, 31.616712403835152 ], [ 9.242644054033999, 31.61655047968425 ], [ 9.24211780054357, 31.616429036571073 ], [ 9.241632028090864, 31.616469517608799 ], [ 9.240984331487256, 31.616469517608799 ], [ 9.240458077996825, 31.616752884872877 ], [ 9.240053267619571, 31.61699577109923 ], [ 9.239729419317769, 31.617279138363308 ], [ 9.239365089978239, 31.617481543551936 ], [ 9.239081722714161, 31.617845872891465 ], [ 9.238717393374632, 31.618129240155543 ], [ 9.238191139884201, 31.618655493645974 ], [ 9.237705367431495, 31.61914126609868 ], [ 9.237422000167417, 31.619505595438209 ], [ 9.237057670827889, 31.619950886853189 ], [ 9.236774303563811, 31.620436659305895 ], [ 9.236571898375184, 31.620720026569973 ], [ 9.236167087997929, 31.621327242135855 ], [ 9.235883720733851, 31.62161060939993 ], [ 9.235559872432047, 31.622177343928087 ], [ 9.234912175828439, 31.622541673267616 ], [ 9.234426403375736, 31.623229850908949 ], [ 9.234102555073932, 31.623432256097576 ], [ 9.233778706772128, 31.623594180248478 ], [ 9.233535820545775, 31.623837066474831 ], [ 9.23313101016852, 31.624039471663458 ], [ 9.232726199791266, 31.624282357889811 ], [ 9.232280908376286, 31.624606206191615 ], [ 9.231916579036758, 31.624808611380242 ], [ 9.23163321177268, 31.624930054493419 ], [ 9.2311879203577, 31.625294383832948 ], [ 9.230783109980445, 31.625496789021575 ], [ 9.230297337527739, 31.625780156285654 ], [ 9.229811565075034, 31.626063523549732 ], [ 9.229406754697779, 31.62634689081381 ], [ 9.229082906395977, 31.626508814964712 ], [ 9.228799539131899, 31.626711220153339 ], [ 9.228435209792369, 31.626954106379689 ], [ 9.228030399415115, 31.627237473643767 ], [ 9.227787513188762, 31.627439878832394 ], [ 9.227544626962409, 31.627682765058747 ], [ 9.227261259698331, 31.628087575436002 ], [ 9.226937411396527, 31.628451904775531 ], [ 9.226573082057, 31.628897196190511 ], [ 9.226492119981549, 31.629382968643217 ], [ 9.226370676868372, 31.629868741095923 ], [ 9.226370676868372, 31.630233070435452 ], [ 9.226330195830647, 31.630637880812706 ], [ 9.226370676868372, 31.631164134303138 ], [ 9.226573082057, 31.631487982604941 ], [ 9.226694525170176, 31.631730868831294 ], [ 9.226977892434252, 31.632216641283996 ], [ 9.22718029762288, 31.6325404895858 ], [ 9.22762558903786, 31.632702413736702 ], [ 9.227908956301938, 31.632945299963055 ], [ 9.228273285641468, 31.633147705151682 ], [ 9.228354247716918, 31.633269148264858 ], [ 9.228556652905546, 31.63343107241576 ], [ 9.228840020169624, 31.633633477604388 ], [ 9.229285311584604, 31.634078769019368 ], [ 9.22948771677323, 31.634159731094819 ], [ 9.229811565075034, 31.634443098358897 ], [ 9.230256856490014, 31.634726465622975 ], [ 9.230580704791818, 31.635090794962505 ], [ 9.231147439319974, 31.635495605339759 ], [ 9.231176315544682, 31.635521868799437 ], [ 9.231213167025128, 31.635603541479654 ], [ 9.231552249697229, 31.635900415717014 ], [ 9.231876097999033, 31.636305226094269 ], [ 9.232321389414011, 31.636588593358347 ], [ 9.232888123942168, 31.637276770999677 ], [ 9.233454858470324, 31.637803024490108 ], [ 9.233859668847579, 31.638288796942813 ], [ 9.234143036111657, 31.638774569395519 ], [ 9.234628808564361, 31.639179379772774 ], [ 9.234831213752988, 31.639584190150028 ], [ 9.23499313790389, 31.639908038451832 ], [ 9.235276505167969, 31.640272367791361 ], [ 9.235519391394321, 31.640677178168616 ], [ 9.235762277620674, 31.641081988545871 ], [ 9.236126606960203, 31.641405836847674 ], [ 9.236652860450635, 31.641689204111753 ], [ 9.237017189790164, 31.641932090338106 ] ] ] ] } },
{ "type": "Feature", "properties": { "id": 3, "Thickness": 5, "Livello": "A" }, "geometry": { "type": "MultiPolygon", "coordinates": [ [ [ [ 9.224766034711502, 31.635675271362128 ], [ 9.224391938814783, 31.635488223413766 ], [ 9.223760651989071, 31.635324556458954 ], [ 9.222942317215001, 31.635277794471865 ], [ 9.222053839460296, 31.635371318446044 ], [ 9.221516076608763, 31.635511604407313 ], [ 9.220604217860513, 31.635862319310487 ], [ 9.219879407060622, 31.636329939181383 ], [ 9.219107834273641, 31.637195035942543 ], [ 9.218499928441476, 31.637919846742435 ], [ 9.21775173664804, 31.639018753439043 ], [ 9.21660606796434, 31.640819089941999 ], [ 9.215624066235456, 31.642479140483683 ], [ 9.214805731461386, 31.643741714135107 ], [ 9.213800348738955, 31.645647265109016 ], [ 9.21286510899716, 31.647096886708798 ], [ 9.212187060184359, 31.648476365327944 ], [ 9.211485630378013, 31.649668795998732 ], [ 9.210901105539392, 31.651071655611425 ], [ 9.210386723681404, 31.652521277211207 ], [ 9.209708674868603, 31.654274851727074 ], [ 9.209381340958975, 31.655256853455956 ], [ 9.209054007049346, 31.656402522139658 ], [ 9.208796816120353, 31.657577417065287 ], [ 9.208563006184905, 31.65851265680708 ], [ 9.20830581525591, 31.659588182510145 ], [ 9.208165529294641, 31.660523422251941 ], [ 9.207861576378559, 31.661762614909819 ], [ 9.207604385449564, 31.664077333270761 ], [ 9.207277051539936, 31.666134860702709 ], [ 9.207043241604488, 31.668215769128203 ], [ 9.206645764714224, 31.670273296560151 ], [ 9.206271668817507, 31.671629394185754 ], [ 9.205897572920788, 31.672921194079109 ], [ 9.205476715036982, 31.673973338788628 ], [ 9.205219524107987, 31.674768292569155 ], [ 9.20479866622418, 31.675820437278674 ], [ 9.204541475295187, 31.676498486091475 ], [ 9.204190760392013, 31.677316820865546 ], [ 9.203629616546936, 31.678392346568611 ], [ 9.203185377669584, 31.679584777239398 ], [ 9.202600852830962, 31.680683683936007 ], [ 9.202133232960064, 31.681735828645525 ], [ 9.201688994082712, 31.682530782426053 ], [ 9.201361660173083, 31.683349117200123 ], [ 9.201034326263455, 31.683980404025835 ], [ 9.200777135334461, 31.684775357806359 ], [ 9.200379658444199, 31.685593692580429 ], [ 9.20014584850875, 31.686458789341589 ], [ 9.1999120385733, 31.687183600141481 ], [ 9.199818514599121, 31.68770967249624 ], [ 9.199795133605576, 31.688504626276767 ], [ 9.199724990624942, 31.689276199063748 ], [ 9.199724990624942, 31.690281581786177 ], [ 9.199678228637852, 31.691146678547337 ], [ 9.199701609631397, 31.692081918289134 ], [ 9.199795133605576, 31.692783348095478 ], [ 9.20000556254748, 31.693438015914737 ], [ 9.200215991489385, 31.694139445721081 ], [ 9.200473182418378, 31.694794113540336 ], [ 9.200777135334461, 31.695425400366048 ], [ 9.20110446924409, 31.695846258249858 ], [ 9.201338279179538, 31.696196973153029 ], [ 9.201595470108531, 31.69652430706266 ], [ 9.20196956600525, 31.696851640972287 ], [ 9.202226756934243, 31.697062069914189 ], [ 9.202530709850327, 31.697225736869004 ], [ 9.202928186740589, 31.697412784817363 ], [ 9.203255520650218, 31.697576451772179 ], [ 9.203723140521115, 31.697693356739901 ], [ 9.204237522379103, 31.697669975746358 ], [ 9.20475190423709, 31.697646594752811 ], [ 9.20542995304989, 31.697529689785089 ], [ 9.206061239875602, 31.697272498856094 ], [ 9.206599002727135, 31.696945164946467 ], [ 9.207160146572212, 31.696547688056203 ], [ 9.207510861475384, 31.696150211165939 ], [ 9.208025243333372, 31.695518924340227 ], [ 9.208399339230089, 31.695098066456421 ], [ 9.208890340094532, 31.694560303604888 ], [ 9.209077388042891, 31.694186207708171 ], [ 9.209381340958975, 31.693741968830818 ], [ 9.209755436855692, 31.693321110947011 ], [ 9.210176294739501, 31.692689824121299 ], [ 9.210503628649128, 31.692339109218125 ], [ 9.210854343552301, 31.692011775308497 ], [ 9.211392106403833, 31.691544155437601 ], [ 9.211836345281187, 31.691076535566705 ], [ 9.212327346145628, 31.690632296689351 ], [ 9.21291187098425, 31.690281581786177 ], [ 9.213543157809962, 31.690001009863639 ], [ 9.214151063642129, 31.689720437941101 ], [ 9.21464206450657, 31.68948662800565 ], [ 9.215179827358103, 31.689322961050838 ], [ 9.215647447229001, 31.689159294096022 ], [ 9.215928019151539, 31.689071615370231 ], [ 9.216419020015982, 31.688767662454147 ], [ 9.216956782867515, 31.68839356655743 ], [ 9.217213973796508, 31.688112994634889 ], [ 9.21756468869968, 31.68792594668653 ], [ 9.217962165589944, 31.687388183835001 ], [ 9.21838302347375, 31.68706084992537 ], [ 9.21866359539629, 31.686756897009289 ], [ 9.218967548312373, 31.686382801112568 ], [ 9.219388406196181, 31.685891800248129 ], [ 9.219692359112264, 31.685494323357865 ], [ 9.219996312028346, 31.685050084480512 ], [ 9.220300264944431, 31.684699369577338 ], [ 9.220580836866969, 31.684325273680621 ], [ 9.220954932763687, 31.683904415796814 ], [ 9.221118599718501, 31.683366652945281 ], [ 9.221282266673315, 31.683062700029197 ], [ 9.221516076608763, 31.68268860413248 ], [ 9.221749886544213, 31.682220984261583 ], [ 9.222077220453841, 31.681613078429415 ], [ 9.22217074442802, 31.68091164862307 ], [ 9.222334411382835, 31.679888730155483 ], [ 9.222591602311828, 31.679117157368502 ], [ 9.222708507279552, 31.678322203587975 ], [ 9.222708507279552, 31.677644154775173 ], [ 9.222872174234366, 31.676849200994649 ], [ 9.222989079202092, 31.67633481913666 ], [ 9.223105984169816, 31.675726913304494 ], [ 9.22331641311172, 31.675048864491693 ], [ 9.223480080066533, 31.674417577665981 ], [ 9.223643747021347, 31.673646004879 ], [ 9.223807413976163, 31.673225146995193 ], [ 9.224041223911611, 31.672547098182392 ], [ 9.224462081795417, 31.67143650098901 ], [ 9.224882939679226, 31.670501261247214 ], [ 9.225257035575943, 31.669402354550606 ], [ 9.225537607498483, 31.66832682884754 ], [ 9.225888322401655, 31.667648780034739 ], [ 9.22614551333065, 31.666760302280036 ], [ 9.226379323266098, 31.665965348499508 ], [ 9.226589752208001, 31.665170394718984 ], [ 9.226753419162815, 31.664422202925547 ], [ 9.227033991085355, 31.663674011132112 ], [ 9.227197658040168, 31.662808914370952 ], [ 9.227267801020803, 31.661920436616246 ], [ 9.227548372943341, 31.660991042122838 ], [ 9.227688658904611, 31.660096719119746 ], [ 9.227945849833604, 31.658892597952185 ], [ 9.228179659769053, 31.65786383423621 ], [ 9.228343326723866, 31.657255928404044 ], [ 9.228530374672227, 31.656624641578333 ], [ 9.22869404162704, 31.656016735746167 ], [ 9.228927851562489, 31.655385448920455 ], [ 9.229114899510847, 31.654707400107654 ], [ 9.229325328452752, 31.654216399243211 ], [ 9.229488995407566, 31.653678636391678 ], [ 9.229722805343014, 31.653164254533692 ], [ 9.229956615278464, 31.652673253669249 ], [ 9.230190425213912, 31.652158871811263 ], [ 9.230447616142905, 31.651621108959731 ], [ 9.230728188065445, 31.651200251075924 ], [ 9.230938617007348, 31.65075601219857 ], [ 9.231219188929886, 31.650229939843811 ], [ 9.231499760852426, 31.649692176992279 ], [ 9.231710189794329, 31.649224557121382 ], [ 9.231967380723322, 31.648616651289213 ], [ 9.232224571652315, 31.64812565042477 ], [ 9.232271333639407, 31.647587887573238 ], [ 9.232364857613586, 31.647237172670067 ], [ 9.232458381587765, 31.646956600747529 ], [ 9.2325285245684, 31.646465599883086 ], [ 9.232598667549034, 31.645974599018643 ], [ 9.232575286555489, 31.645553741134837 ], [ 9.232598667549034, 31.645086121263937 ], [ 9.232458381587765, 31.644595120399497 ], [ 9.232318095626496, 31.644267786489866 ], [ 9.232107666684591, 31.643823547612516 ], [ 9.231850475755598, 31.643239022773894 ], [ 9.23161666582015, 31.642771402902994 ], [ 9.231219188929886, 31.642233640051462 ], [ 9.230938617007348, 31.641836163161202 ], [ 9.230611283097719, 31.641391924283848 ], [ 9.230260568194547, 31.640877542425862 ], [ 9.229746186336559, 31.64033977957433 ], [ 9.229442233420476, 31.63977863572925 ], [ 9.228647279639951, 31.638983681948726 ], [ 9.228179659769053, 31.638358240371399 ], [ 9.227548372943341, 31.637797096526324 ], [ 9.227197658040168, 31.63744638162315 ], [ 9.226239037304829, 31.636674808836169 ], [ 9.225537607498483, 31.636207188965273 ], [ 9.224766034711502, 31.635675271362128 ] ] ] ] } },
{ "type": "Feature", "properties": { "id": 4, "Thickness": 10, "Livello": "A" }, "geometry": { "type": "MultiPolygon", "coordinates": [ [ [ [ 9.224355972709617, 31.643358968285067 ], [ 9.223608045033744, 31.643075968623926 ], [ 9.222981402926933, 31.643055754362415 ], [ 9.22221326098955, 31.643136611408455 ], [ 9.22160683314425, 31.643358968285067 ], [ 9.221182333652537, 31.643601539423187 ], [ 9.220535477284216, 31.644005824653387 ], [ 9.220050335007976, 31.644410109883587 ], [ 9.219565192731734, 31.644935680682849 ], [ 9.218877907840392, 31.645784679666274 ], [ 9.21831190851811, 31.646552821603656 ], [ 9.21764483788828, 31.647583748940669 ], [ 9.216997981519958, 31.648776390369761 ], [ 9.216492624982205, 31.649766889183752 ], [ 9.215987268444454, 31.650777602259257 ], [ 9.215461697645193, 31.651747886811737 ], [ 9.215219126507073, 31.65245538596459 ], [ 9.214835055538382, 31.653021385286873 ], [ 9.214410556046671, 31.653941134185576 ], [ 9.214006270816469, 31.654951847261078 ], [ 9.213500914278718, 31.655861489029032 ], [ 9.212813629387377, 31.657438201426814 ], [ 9.212409344157175, 31.658327628933257 ], [ 9.212126344496035, 31.659297913485741 ], [ 9.211944416142444, 31.659793162892736 ], [ 9.211580559435262, 31.66060173335314 ], [ 9.211277345512611, 31.66149116085958 ], [ 9.211075202897511, 31.662825302119245 ], [ 9.211034774374491, 31.663694515364178 ], [ 9.21101456011298, 31.666059583960852 ], [ 9.211095417159022, 31.667535225051086 ], [ 9.211054988636, 31.669940722170782 ], [ 9.211054988636, 31.670658328454383 ], [ 9.21093370306694, 31.671810541360454 ], [ 9.2106507034058, 31.672982968528039 ], [ 9.210125132606539, 31.674539466664314 ], [ 9.209963418514459, 31.675246965817166 ], [ 9.209498490499728, 31.676257678892668 ], [ 9.208629277254795, 31.678339747828204 ], [ 9.208083492194023, 31.679466692907383 ], [ 9.207618564179292, 31.680497620244395 ], [ 9.207153636164561, 31.681467904796879 ], [ 9.20656742258077, 31.682579689179931 ], [ 9.205981208996977, 31.683731902086006 ], [ 9.205435423936207, 31.68465670455009 ], [ 9.204869424613925, 31.685687631887102 ], [ 9.204343853814663, 31.686577059393546 ], [ 9.203858711538423, 31.687668629515088 ], [ 9.203434212046711, 31.688593431979172 ], [ 9.202949069770471, 31.689583930793166 ], [ 9.202706498632349, 31.690311644207526 ], [ 9.202403284709698, 31.691120214667929 ], [ 9.202383070448189, 31.691686213990209 ], [ 9.202322427663658, 31.69219157052796 ], [ 9.202302213402149, 31.692757569850244 ], [ 9.202383070448189, 31.693424640480075 ], [ 9.2026054273248, 31.693823872144897 ], [ 9.20284799846292, 31.694066443283017 ], [ 9.20309056960104, 31.694187728852079 ], [ 9.203312926477651, 31.694329228682648 ], [ 9.203737425969361, 31.694511157036239 ], [ 9.204101282676543, 31.694511157036239 ], [ 9.204545996429765, 31.694551585559257 ], [ 9.204930067398456, 31.694450514251709 ], [ 9.205253495582616, 31.694288800159629 ], [ 9.205556709505267, 31.694086657544528 ], [ 9.206001423258488, 31.693682372314328 ], [ 9.206223780135099, 31.693318515607146 ], [ 9.20656742258077, 31.693015301684493 ], [ 9.20697170781097, 31.692570587931272 ], [ 9.207477064348723, 31.69188330303993 ], [ 9.207921778101943, 31.69131730371765 ], [ 9.208265420547614, 31.690771518656877 ], [ 9.208710134300835, 31.690245947857616 ], [ 9.209114419531037, 31.689659734273825 ], [ 9.209619776068788, 31.689174591997585 ], [ 9.209983632775968, 31.688674289025212 ], [ 9.21034748948315, 31.688249789533501 ], [ 9.21059006062127, 31.688027432656892 ], [ 9.210792203236371, 31.687764647257261 ], [ 9.211216702728082, 31.687299719242528 ], [ 9.211580559435262, 31.687036933842897 ], [ 9.211883773357913, 31.686632648612697 ], [ 9.212328487111135, 31.686430505997595 ], [ 9.212752986602846, 31.685945363721356 ], [ 9.213137057571537, 31.685642149798703 ], [ 9.213399842971167, 31.685359150137565 ], [ 9.213783913939858, 31.685015507691894 ], [ 9.214046699339489, 31.684631436723201 ], [ 9.214289270477609, 31.684409079846592 ], [ 9.214612698661771, 31.68412608018545 ], [ 9.214754198492342, 31.683843080524309 ], [ 9.215016983891973, 31.683539866601659 ], [ 9.215178697984053, 31.683115367109949 ], [ 9.215421269122173, 31.682832367448807 ], [ 9.215623411737273, 31.682488725003136 ], [ 9.215926625659923, 31.681609404627448 ], [ 9.216189411059554, 31.681104048089697 ], [ 9.216351125151636, 31.680780619905537 ], [ 9.216573482028245, 31.680275263367786 ], [ 9.216654339074287, 31.679769906830035 ], [ 9.216755410381836, 31.679426264384364 ], [ 9.216836267427876, 31.678941122108121 ], [ 9.216896910212407, 31.678476194093392 ], [ 9.216856481689387, 31.67811233738621 ], [ 9.216856481689387, 31.677566552325437 ], [ 9.216816053166367, 31.677061195787687 ], [ 9.216775624643347, 31.676677124818994 ], [ 9.216795838904856, 31.676293053850305 ], [ 9.216775624643347, 31.675747268789532 ], [ 9.216755410381836, 31.675363197820843 ], [ 9.216775624643347, 31.674736555714031 ], [ 9.216836267427876, 31.674251413437791 ], [ 9.216896910212407, 31.673927985253627 ], [ 9.217038410042978, 31.673523700023427 ], [ 9.217159695612038, 31.673099200531716 ], [ 9.217321409704118, 31.672917272178125 ], [ 9.217483123796198, 31.672614058255476 ], [ 9.21772569493432, 31.672331058594335 ], [ 9.217907623287909, 31.671987416148664 ], [ 9.21821083721056, 31.671684202226011 ], [ 9.218635336702272, 31.67142141682638 ], [ 9.218918336363412, 31.671219274211282 ], [ 9.219383264378143, 31.6708554175041 ], [ 9.219767335346834, 31.670552203581451 ], [ 9.220212049100056, 31.670168132612758 ], [ 9.220596120068747, 31.669905347213128 ], [ 9.221040833821968, 31.669541490505946 ], [ 9.221323833483108, 31.669319133629337 ], [ 9.221627047405759, 31.668965384052917 ], [ 9.22193026132841, 31.668702598653287 ], [ 9.222253689512572, 31.668379170469127 ], [ 9.222617546219752, 31.667995099500434 ], [ 9.222819688834852, 31.667712099839292 ], [ 9.223021831449953, 31.667368457393621 ], [ 9.223365473895624, 31.666863100855871 ], [ 9.223567616510724, 31.666458815625671 ], [ 9.223789973387335, 31.666094958918489 ], [ 9.224072973048475, 31.665609816642249 ], [ 9.224234687140557, 31.665225745673556 ], [ 9.224355972709617, 31.664781031920338 ], [ 9.224497472540186, 31.664336318167116 ], [ 9.224659186632268, 31.663830961629365 ], [ 9.224760257939817, 31.663406462137651 ], [ 9.224962400554919, 31.662890998469148 ], [ 9.225083686123979, 31.661940928178176 ], [ 9.225184757431528, 31.661213214763816 ], [ 9.225326257262099, 31.660606786918514 ], [ 9.225447542831159, 31.660000359073212 ], [ 9.22562947118475, 31.65947478827395 ], [ 9.22575075675381, 31.6589694317362 ], [ 9.22583161379985, 31.65848428945996 ], [ 9.225952899368911, 31.657817218830125 ], [ 9.2261348277225, 31.657109719677276 ], [ 9.226276327553071, 31.656503291831974 ], [ 9.226357184599111, 31.656058578078753 ], [ 9.226458255906662, 31.65551279301798 ], [ 9.226619969998742, 31.65502765074174 ], [ 9.226781684090822, 31.654582936988518 ], [ 9.226963612444413, 31.654118008973786 ], [ 9.227105112274984, 31.653592438174524 ], [ 9.227206183582535, 31.653107295898284 ], [ 9.227266826367064, 31.652662582145062 ], [ 9.227307254890084, 31.652066261430519 ], [ 9.227367897674615, 31.651560904892769 ], [ 9.227327469151595, 31.650893834262938 ], [ 9.227367897674615, 31.650469334771227 ], [ 9.227327469151595, 31.649963978233476 ], [ 9.227327469151595, 31.649458621695722 ], [ 9.227307254890084, 31.648973479419482 ], [ 9.227266826367064, 31.648488337143242 ], [ 9.227185969321024, 31.648063837651531 ], [ 9.227044469490453, 31.647578695375287 ], [ 9.226943398182904, 31.647154195883576 ], [ 9.226882755398373, 31.646729696391866 ], [ 9.226801898352333, 31.646345625423177 ], [ 9.226599755737233, 31.645961554454484 ], [ 9.226478470168171, 31.645698769054853 ], [ 9.226114613460991, 31.645213626778613 ], [ 9.22589225658438, 31.64491041285596 ], [ 9.22556882840022, 31.64450612762576 ], [ 9.22534647152361, 31.6441826994416 ], [ 9.224982614816428, 31.643737985688379 ], [ 9.224355972709617, 31.643358968285067 ] ] ] ] } },
{ "type": "Feature", "properties": { "id": 5, "Thickness": 15, "Livello": "A" }, "geometry": { "type": "MultiPolygon", "coordinates": [ [ [ [ 9.223648473556764, 31.655886756855921 ], [ 9.223426116680153, 31.655199471964579 ], [ 9.223264402588073, 31.654774972472868 ], [ 9.222961188665423, 31.654249401673606 ], [ 9.222698403265792, 31.653784473658874 ], [ 9.222516474912201, 31.653461045474714 ], [ 9.222253689512572, 31.653117403029043 ], [ 9.222031332635961, 31.653016331721492 ], [ 9.221748332974819, 31.652915260413941 ], [ 9.221465333313679, 31.652915260413941 ], [ 9.221020619560457, 31.652915260413941 ], [ 9.220454620238176, 31.652975903198474 ], [ 9.220212049100056, 31.653178045813572 ], [ 9.219747121085325, 31.653299331382634 ], [ 9.219443907162674, 31.653541902520754 ], [ 9.219221550286063, 31.653723830874345 ], [ 9.219080050455492, 31.653885544966425 ], [ 9.218938550624921, 31.654027044796994 ], [ 9.218695979486801, 31.654229187412096 ], [ 9.218453408348681, 31.654491972811726 ], [ 9.21817040868754, 31.654795186734376 ], [ 9.217948051810929, 31.655179257703068 ], [ 9.217745909195829, 31.655401614579677 ], [ 9.217543766580729, 31.655664399979308 ], [ 9.217422481011669, 31.655846328332899 ], [ 9.217280981181098, 31.656068685209512 ], [ 9.217058624304487, 31.656392113393672 ], [ 9.216957552996936, 31.656654898793303 ], [ 9.216816053166367, 31.656998541238973 ], [ 9.216634124812776, 31.657574647692005 ], [ 9.216492624982205, 31.657817218830125 ], [ 9.216371339413145, 31.658120432752778 ], [ 9.216270268105594, 31.658363003890898 ], [ 9.216128768275025, 31.658706646336569 ], [ 9.215926625659923, 31.659110931566769 ], [ 9.215704268783314, 31.65953543105848 ], [ 9.215441483383684, 31.660364215780394 ], [ 9.215401054860664, 31.660606786918514 ], [ 9.215239340768582, 31.660930215102674 ], [ 9.215097840938013, 31.661435571640425 ], [ 9.214835055538382, 31.661981356701197 ], [ 9.214713769969322, 31.66244628471593 ], [ 9.214531841615731, 31.663285176568593 ], [ 9.21443077030818, 31.663709676060304 ], [ 9.21434991326214, 31.664154389813525 ], [ 9.21422862769308, 31.664679960612787 ], [ 9.213945628031938, 31.665670459426778 ], [ 9.213662628370798, 31.666479029887181 ], [ 9.213379628709658, 31.667530171485705 ], [ 9.213116843310027, 31.668783455699327 ], [ 9.213015772002477, 31.669773954513321 ], [ 9.212833843648886, 31.670420810881641 ], [ 9.212530629726235, 31.671370881172614 ], [ 9.212449772680195, 31.672037951802444 ], [ 9.212227415803584, 31.672927379308888 ], [ 9.212065701711504, 31.67373089620391 ], [ 9.211903987619424, 31.674317109787701 ], [ 9.211722059265833, 31.675186323032634 ], [ 9.211317774035631, 31.676035322016055 ], [ 9.211054988636, 31.676823678214948 ], [ 9.210873060282411, 31.677389677537231 ], [ 9.21063048914429, 31.677955676859511 ], [ 9.21034748948315, 31.678541890443302 ], [ 9.209983632775968, 31.679289818119177 ], [ 9.209842132945399, 31.679769906830035 ], [ 9.209599561807277, 31.680073120752684 ], [ 9.209336776407646, 31.680538048767417 ], [ 9.208851634131406, 31.681366833489328 ], [ 9.208447348901204, 31.682114761165199 ], [ 9.208123920717044, 31.68253926065691 ], [ 9.207820706794394, 31.683186117025233 ], [ 9.207537707133252, 31.683671259301473 ], [ 9.207355778779661, 31.683974473224126 ], [ 9.20705256485701, 31.684373704888952 ], [ 9.206830207980401, 31.68473756159613 ], [ 9.206668493888319, 31.685060989780293 ], [ 9.20652699405775, 31.685404632225964 ], [ 9.206365279965668, 31.685707846148613 ], [ 9.206163137350568, 31.686273845470897 ], [ 9.206243994396608, 31.686637702178075 ], [ 9.206223780135099, 31.687001558885257 ], [ 9.206183351612079, 31.687486701161497 ], [ 9.20652699405775, 31.687709058038109 ], [ 9.20676956519587, 31.687850557868678 ], [ 9.207113207641541, 31.687830343607168 ], [ 9.207578135656272, 31.687709058038109 ], [ 9.207901563840434, 31.687587772469048 ], [ 9.208144134978554, 31.687324987069417 ], [ 9.208366491855164, 31.687203701500358 ], [ 9.208669705777815, 31.686961130362238 ], [ 9.208912276915935, 31.686536630870524 ], [ 9.209073991008015, 31.686253631209386 ], [ 9.209356990669157, 31.686051488594284 ], [ 9.209559133284257, 31.685788703194653 ], [ 9.209821918683888, 31.685445060748982 ], [ 9.21022620391409, 31.685101418303312 ], [ 9.21046877505221, 31.684798204380662 ], [ 9.21071134619033, 31.684555633242539 ], [ 9.21097413158996, 31.684272633581401 ], [ 9.211398631081673, 31.683787491305157 ], [ 9.211701845004322, 31.683504491644019 ], [ 9.211964630403953, 31.683140634936837 ], [ 9.212186987280564, 31.682776778229655 ], [ 9.212510415464726, 31.682453350045495 ], [ 9.212732772341337, 31.682109707599825 ], [ 9.212934914956437, 31.681867136461705 ], [ 9.213177486094557, 31.681644779585092 ], [ 9.213359414448147, 31.68128092287791 ], [ 9.213622199847778, 31.680896851909221 ], [ 9.213884985247409, 31.680431923894488 ], [ 9.214046699339489, 31.67998721014127 ], [ 9.214167984908549, 31.679623353434089 ], [ 9.214329699000629, 31.679239282465396 ], [ 9.21443077030818, 31.678814782973685 ], [ 9.214450984569691, 31.678471140528014 ], [ 9.214450984569691, 31.678167926605365 ], [ 9.214450984569691, 31.677783855636672 ], [ 9.214450984569691, 31.67731892762194 ], [ 9.214450984569691, 31.6768337853457 ], [ 9.214410556046671, 31.67659121420758 ], [ 9.214289270477609, 31.676095964800588 ], [ 9.2142690562161, 31.675509751216794 ], [ 9.21418819917006, 31.675105465986594 ], [ 9.2142690562161, 31.674418181095252 ], [ 9.214289270477609, 31.674074538649581 ], [ 9.21434991326214, 31.673690467680892 ], [ 9.214612698661771, 31.673043611312568 ], [ 9.214915912584422, 31.672396754944248 ], [ 9.215340412076133, 31.671850969883476 ], [ 9.215643625998784, 31.671507327437805 ], [ 9.216027696967474, 31.671022185161565 ], [ 9.216371339413145, 31.670658328454383 ], [ 9.216775624643347, 31.670294471747201 ], [ 9.217099052827507, 31.669971043563041 ], [ 9.217705480672809, 31.66952632980982 ], [ 9.21806933737999, 31.6692837586717 ], [ 9.21835233704113, 31.669081616056598 ], [ 9.218574693917741, 31.668899687703007 ], [ 9.218918336363412, 31.668697545087909 ], [ 9.219181121763043, 31.668495402472807 ], [ 9.219504549947203, 31.668131545765625 ], [ 9.219888620915894, 31.667767689058444 ], [ 9.220272691884587, 31.667201689736164 ], [ 9.220616334330257, 31.666837833028982 ], [ 9.220899333991397, 31.666494190583311 ], [ 9.221323833483108, 31.665736155776692 ], [ 9.22160683314425, 31.665190370715919 ], [ 9.22180897575935, 31.664765871224208 ], [ 9.222253689512572, 31.664058372071356 ], [ 9.222455832127672, 31.663371087180014 ], [ 9.222617546219752, 31.662704016550183 ], [ 9.222779260311832, 31.662299731319983 ], [ 9.223021831449953, 31.661753946259211 ], [ 9.223223974065053, 31.66116773267542 ], [ 9.223446330941664, 31.660500662045589 ], [ 9.223587830772235, 31.659712305846696 ], [ 9.223648473556764, 31.659247377831964 ], [ 9.223769759125824, 31.658620735725155 ], [ 9.223870830433375, 31.657893022310791 ], [ 9.223789973387335, 31.657084451850388 ], [ 9.223648473556764, 31.655886756855921 ] ] ] ] } },
{ "type": "Feature", "properties": { "id": 6, "Thickness": 0, "Livello": "B" }, "geometry": { "type": "MultiPolygon", "coordinates": [ [ [ [ 9.233518783281692, 31.640661499607393 ], [ 9.233397897958518, 31.639734712129723 ], [ 9.233156127312169, 31.638807924652053 ], [ 9.232753176234921, 31.637921432282106 ], [ 9.232189044726773, 31.636954349696712 ], [ 9.231584618110903, 31.636188742649939 ], [ 9.23098019149503, 31.635624611141793 ], [ 9.230254879555984, 31.635181364956821 ], [ 9.22880425567789, 31.634818708987297 ], [ 9.227877468200219, 31.634576938340949 ], [ 9.226910385614824, 31.634415757910048 ], [ 9.225822417706254, 31.634536643233222 ], [ 9.224613564474511, 31.634778413879573 ], [ 9.223404711242766, 31.635261955172268 ], [ 9.22175261182605, 31.635946972003591 ], [ 9.221027299887004, 31.636390218188563 ], [ 9.219778151547533, 31.63727671055851 ], [ 9.218891659177588, 31.637921432282106 ], [ 9.217481330407219, 31.639331761052475 ], [ 9.216675428252724, 31.640298843637868 ], [ 9.215869526098228, 31.641104745792365 ], [ 9.215144214159182, 31.642152418593213 ], [ 9.214418902220135, 31.642958320747706 ], [ 9.213814475604263, 31.643885108225376 ], [ 9.212807097911142, 31.645617797857543 ], [ 9.212081785972096, 31.646746060873838 ], [ 9.211275883817599, 31.647834028782409 ], [ 9.210550571878553, 31.649324947768228 ], [ 9.209905850154955, 31.650574096107697 ], [ 9.209583489293157, 31.651259112939016 ], [ 9.209180538215909, 31.65238737595531 ], [ 9.208817882246386, 31.653394753648431 ], [ 9.208576111600038, 31.654442426449279 ], [ 9.208495521384588, 31.655288623711499 ], [ 9.208334340953689, 31.656447108058586 ], [ 9.208132865415065, 31.657051534674459 ], [ 9.207770209445542, 31.657817141721228 ], [ 9.207367258368294, 31.658461863444828 ], [ 9.207085192614219, 31.658945404737523 ], [ 9.206480765998348, 31.659590126461122 ], [ 9.205876339382476, 31.660033372646094 ], [ 9.205433093197502, 31.660396028615619 ], [ 9.204949551904805, 31.660798979692867 ], [ 9.204586895935282, 31.661081045446938 ], [ 9.204103354642584, 31.661403406308736 ], [ 9.203579518242162, 31.661806357385984 ], [ 9.203055681841739, 31.662410784001857 ], [ 9.202531845441317, 31.662813735079105 ], [ 9.202008009040894, 31.66325698126408 ], [ 9.201605057963645, 31.663740522556775 ], [ 9.201161811778674, 31.664264358957197 ], [ 9.200839450916874, 31.664828490465347 ], [ 9.200275319408727, 31.665573949958254 ], [ 9.200033548762379, 31.666097786358677 ], [ 9.19979177811603, 31.666500737435925 ], [ 9.199630597685131, 31.666782803189999 ], [ 9.199348531931056, 31.667226049374971 ], [ 9.199106761284709, 31.667870771098571 ], [ 9.198985875961533, 31.668434902606716 ], [ 9.198784400422909, 31.668999034114865 ], [ 9.198784400422909, 31.669724346053911 ], [ 9.19870381020746, 31.670369067777507 ], [ 9.198744105315185, 31.670892904177929 ], [ 9.198864990638359, 31.671577921009252 ], [ 9.199066466176983, 31.672303232948298 ], [ 9.199267941715608, 31.67266588891782 ], [ 9.199469417254232, 31.672947954671894 ], [ 9.199711187900579, 31.673230020425969 ], [ 9.200194729193278, 31.673915037257292 ], [ 9.200436499839627, 31.674237398119089 ], [ 9.200758860701425, 31.674801529627235 ], [ 9.200960336240049, 31.67524477581221 ], [ 9.201161811778674, 31.675808907320356 ], [ 9.201161811778674, 31.676332743720778 ], [ 9.201161811778674, 31.676896875228927 ], [ 9.201000631347775, 31.677461006737072 ], [ 9.20079915580915, 31.678025138245221 ], [ 9.200678270485975, 31.678266908891569 ], [ 9.200517090055076, 31.67842808932247 ], [ 9.200033548762379, 31.679032515938342 ], [ 9.19979177811603, 31.679233991476966 ], [ 9.19955000746968, 31.679435467015587 ], [ 9.199308236823333, 31.679717532769661 ], [ 9.198744105315185, 31.68020107406236 ], [ 9.198502334668836, 31.680563730031881 ], [ 9.198260564022487, 31.680845795785956 ], [ 9.198059088483863, 31.681369632186378 ], [ 9.19777702272979, 31.682054649017701 ], [ 9.197575547191166, 31.682659075633573 ], [ 9.197414366760267, 31.68354556800352 ], [ 9.197293481437091, 31.684976044327751 ], [ 9.197212891221643, 31.685781946482244 ], [ 9.197212891221643, 31.687272865468064 ], [ 9.197374071652542, 31.689448801285202 ], [ 9.197535252083441, 31.690496474086046 ], [ 9.197656137406614, 31.691866507748692 ], [ 9.197817317837513, 31.692672409903189 ], [ 9.197938203160689, 31.693357426734508 ], [ 9.198139678699313, 31.694203623996732 ], [ 9.198462039561111, 31.695090116366675 ], [ 9.19870381020746, 31.695775133197998 ], [ 9.199026171069258, 31.69637955981387 ], [ 9.199509712361957, 31.697104871752916 ], [ 9.199832073223755, 31.697548117937888 ], [ 9.200275319408727, 31.697991364122863 ], [ 9.201040926455498, 31.698394315200112 ], [ 9.201685648179096, 31.698636085846459 ], [ 9.202330369902693, 31.698797266277356 ], [ 9.202975091626289, 31.698797266277356 ], [ 9.203821288888511, 31.698797266277356 ], [ 9.204546600827557, 31.698636085846459 ], [ 9.205312207874329, 31.698434610307835 ], [ 9.206198700244274, 31.69807195433831 ], [ 9.207165782829669, 31.697628708153339 ], [ 9.207971684984166, 31.697024281537466 ], [ 9.208495521384588, 31.696742215783392 ], [ 9.209180538215909, 31.696419854921594 ], [ 9.210026735478131, 31.695976608736622 ], [ 9.210832637632627, 31.69553336255165 ], [ 9.211638539787122, 31.695251296797576 ], [ 9.212323556618445, 31.695130411474402 ], [ 9.212847393018867, 31.695049821258952 ], [ 9.213774180496538, 31.694888640828051 ], [ 9.214096541358336, 31.694888640828051 ], [ 9.214781558189658, 31.694767755504877 ], [ 9.21554716523643, 31.694566279966253 ], [ 9.215990411421402, 31.694324509319905 ], [ 9.216554542929549, 31.694123033781281 ], [ 9.216997789114522, 31.693921558242657 ], [ 9.217723101053569, 31.693679787596309 ], [ 9.218045461915366, 31.693438016949958 ], [ 9.21848870810034, 31.693196246303611 ], [ 9.219012544500762, 31.69295447565726 ], [ 9.21941549557801, 31.692753000118635 ], [ 9.219616971116634, 31.692591819687738 ], [ 9.220019922193883, 31.69218886861049 ], [ 9.220382578163406, 31.691745622425518 ], [ 9.220704939025204, 31.691141195809646 ], [ 9.221107890102452, 31.690456178978323 ], [ 9.22143025096425, 31.689811457254727 ], [ 9.221712316718325, 31.689448801285202 ], [ 9.221913792256949, 31.688965259992504 ], [ 9.222276448226472, 31.688723489346156 ], [ 9.22259880908827, 31.688441423592081 ], [ 9.222961465057793, 31.688239948053457 ], [ 9.223283825919593, 31.68807876762256 ], [ 9.22376736721229, 31.687877292083936 ], [ 9.224130023181813, 31.687756406760762 ], [ 9.224935925336309, 31.687434045898964 ], [ 9.225379171521283, 31.687393750791237 ], [ 9.22594330302943, 31.68723257036034 ], [ 9.226386549214402, 31.687031094821716 ], [ 9.22678950029165, 31.686869914390815 ], [ 9.227273041584347, 31.686668438852191 ], [ 9.22771628776932, 31.686466963313567 ], [ 9.228078943738844, 31.686144602451769 ], [ 9.228481894816092, 31.685701356266797 ], [ 9.228925141001065, 31.685298405189549 ], [ 9.229126616539689, 31.684774568789127 ], [ 9.229368387186037, 31.68396866663463 ], [ 9.229529567616938, 31.683323944911031 ], [ 9.229448977401487, 31.682558337864261 ], [ 9.229489272509213, 31.681833025925215 ], [ 9.229489272509213, 31.681067418878442 ], [ 9.229408682293762, 31.680301811831672 ], [ 9.229287796970588, 31.679818270538973 ], [ 9.229166911647413, 31.679375024354002 ], [ 9.229086321431964, 31.679052663492204 ], [ 9.22888484589334, 31.678528827091782 ], [ 9.228763960570166, 31.677924400475909 ], [ 9.228643075246991, 31.677642334721835 ], [ 9.228522189923817, 31.67727967875231 ], [ 9.228280419277468, 31.676755842351888 ], [ 9.228240124169742, 31.676272301059193 ], [ 9.228159533954294, 31.675909645089668 ], [ 9.228078943738844, 31.67558728422787 ], [ 9.227837173092494, 31.674982857611997 ], [ 9.227796877984771, 31.674499316319299 ], [ 9.227756582877046, 31.673975479918877 ], [ 9.227595402446147, 31.673330758195281 ], [ 9.227555107338421, 31.673088987548933 ], [ 9.227434222015248, 31.672645741363958 ], [ 9.227393926907522, 31.671658511224702 ], [ 9.227192451368898, 31.671013789501103 ], [ 9.227192451368898, 31.670207887346606 ], [ 9.227152156261173, 31.669281099868936 ], [ 9.227232746476624, 31.668475197714443 ], [ 9.227313336692072, 31.667548410236769 ], [ 9.227393926907522, 31.666621622759099 ], [ 9.227434222015248, 31.665493359742804 ], [ 9.227595402446147, 31.664647162480584 ], [ 9.227675992661595, 31.663921850541538 ], [ 9.227796877984771, 31.663075653279318 ], [ 9.22795805841567, 31.662189160909371 ], [ 9.228119238846569, 31.661584734293498 ], [ 9.228199829062019, 31.660698241923555 ], [ 9.228361009492918, 31.659852044661331 ], [ 9.228522189923817, 31.659207322937736 ], [ 9.228683370354716, 31.658482010998689 ], [ 9.22880425567789, 31.657716403951916 ], [ 9.229448977401487, 31.655882976550441 ], [ 9.22973104315556, 31.655197959719118 ], [ 9.230013108909635, 31.654392057564621 ], [ 9.230254879555984, 31.653707040733298 ], [ 9.230536945310057, 31.653102614117426 ], [ 9.230778715956406, 31.65245789239383 ], [ 9.231020486602755, 31.65169228534706 ], [ 9.231383142572279, 31.651007268515738 ], [ 9.231624913218626, 31.650523727223039 ], [ 9.231947274080426, 31.649798415283993 ], [ 9.232269634942224, 31.649113398452673 ], [ 9.232511405588573, 31.648468676729074 ], [ 9.232672586019472, 31.64750159414368 ], [ 9.232874061558096, 31.646776282204634 ], [ 9.233156127312169, 31.645889789834687 ], [ 9.233357602850793, 31.645043592572467 ], [ 9.233478488173969, 31.644197395310247 ], [ 9.233559078389417, 31.64323031272485 ], [ 9.233639668604868, 31.642424410570353 ], [ 9.233559078389417, 31.641658803523583 ], [ 9.233518783281692, 31.640661499607393 ] ] ] ] } },
{ "type": "Feature", "properties": { "id": 7, "Thickness": 5, "Livello": "B" }, "geometry": { "type": "MultiPolygon", "coordinates": [ [ [ [ 9.229650452940112, 31.640490245399562 ], [ 9.229086321431964, 31.639563457921891 ], [ 9.228441599708367, 31.638717260659671 ], [ 9.227796877984771, 31.6382740144747 ], [ 9.226910385614824, 31.638032243828349 ], [ 9.226386549214402, 31.637790473182001 ], [ 9.225741827490806, 31.637750178074278 ], [ 9.225217991090382, 31.637790473182001 ], [ 9.224412088935887, 31.637951653612902 ], [ 9.223888252535463, 31.638153129151526 ], [ 9.223404711242766, 31.638435194905597 ], [ 9.222921169950069, 31.638676965551948 ], [ 9.222518218872821, 31.638838145982845 ], [ 9.222195858011021, 31.639039621521469 ], [ 9.221672021610599, 31.639402277490994 ], [ 9.221027299887004, 31.639926113891416 ], [ 9.219858741762984, 31.641014081799984 ], [ 9.219012544500762, 31.64181998395448 ], [ 9.218246937453991, 31.642827361647601 ], [ 9.217239559760872, 31.643915329556172 ], [ 9.216312772283201, 31.645164477895641 ], [ 9.215627755451878, 31.646010675157861 ], [ 9.215103919051456, 31.646735987096907 ], [ 9.214539787543309, 31.647582184359131 ], [ 9.214136836466061, 31.648307496298177 ], [ 9.213733885388812, 31.648911922914049 ], [ 9.213532409850188, 31.649476054422195 ], [ 9.213250344096116, 31.649919300607166 ], [ 9.213048868557491, 31.650443137007592 ], [ 9.212726507695693, 31.651087858731188 ], [ 9.212444441941619, 31.651651990239333 ], [ 9.212081785972096, 31.65253848260928 ], [ 9.211840015325746, 31.653505565194674 ], [ 9.211557949571674, 31.654311467349171 ], [ 9.211517654463949, 31.654996484180494 ], [ 9.211437064248498, 31.655480025473192 ], [ 9.211396769140775, 31.656124747196788 ], [ 9.211316178925324, 31.657132124889909 ], [ 9.211396769140775, 31.657817141721228 ], [ 9.211517654463949, 31.659267765599324 ], [ 9.211517654463949, 31.65999307753837 ], [ 9.211638539787122, 31.660557209046516 ], [ 9.211678834894848, 31.661121340554665 ], [ 9.211557949571674, 31.661564586739637 ], [ 9.21135647403305, 31.661967537816885 ], [ 9.2111147033867, 31.662410784001857 ], [ 9.210872932740351, 31.662733144863655 ], [ 9.210590866986278, 31.662854030186832 ], [ 9.21018791590903, 31.66309580083318 ], [ 9.209744669724056, 31.66325698126408 ], [ 9.209301423539085, 31.663458456802704 ], [ 9.208817882246386, 31.663579342125878 ], [ 9.208294045845964, 31.663619637233602 ], [ 9.207770209445542, 31.663740522556775 ], [ 9.207447848583742, 31.663821112772226 ], [ 9.206803126860146, 31.6639419980954 ], [ 9.206480765998348, 31.6641031785263 ], [ 9.2060778149211, 31.664304654064924 ], [ 9.205715158951577, 31.664465834495822 ], [ 9.205271912766603, 31.664667310034446 ], [ 9.204989847012529, 31.664788195357623 ], [ 9.204546600827557, 31.665150851327144 ], [ 9.20390187910396, 31.665594097512116 ], [ 9.203498928026711, 31.665896310820052 ], [ 9.203216862272638, 31.66621867168185 ], [ 9.20273332097994, 31.666500737435925 ], [ 9.202531845441317, 31.666903688513173 ], [ 9.202290074794968, 31.667306639590421 ], [ 9.202048304148619, 31.667548410236769 ], [ 9.201725943286821, 31.668112541744918 ], [ 9.20164535307137, 31.668878148791688 ], [ 9.201484172640471, 31.669361690084386 ], [ 9.201484172640471, 31.669925821592535 ], [ 9.201403582425021, 31.670570543316131 ], [ 9.201524467748197, 31.67105408460883 ], [ 9.20164535307137, 31.671537625901525 ], [ 9.20196771393317, 31.672061462301951 ], [ 9.202249779687243, 31.672464413379195 ], [ 9.202773616087665, 31.673028544887345 ], [ 9.203418337811263, 31.673350905749142 ], [ 9.204103354642584, 31.67367326661094 ], [ 9.204466010612107, 31.673834447041841 ], [ 9.20482866658163, 31.673955332365015 ], [ 9.205513683412953, 31.674035922580465 ], [ 9.206198700244274, 31.674197103011362 ], [ 9.206682241536972, 31.67431798833454 ], [ 9.20724637304512, 31.67431798833454 ], [ 9.207891094768716, 31.674237398119089 ], [ 9.208737292030937, 31.674438873657714 ], [ 9.209059652892735, 31.67451946387316 ], [ 9.209422308862258, 31.674640349196338 ], [ 9.209946145262681, 31.674841824734962 ], [ 9.210147620801305, 31.674922414950409 ], [ 9.210510276770828, 31.67516418559676 ], [ 9.210832637632627, 31.675486546458558 ], [ 9.2111147033867, 31.67601038285898 ], [ 9.21135647403305, 31.676413333936228 ], [ 9.211517654463949, 31.676977465444374 ], [ 9.211517654463949, 31.677662482275696 ], [ 9.211316178925324, 31.67842808932247 ], [ 9.21103411317125, 31.678911630615165 ], [ 9.210792342524902, 31.67927428658469 ], [ 9.210550571878553, 31.679556352338764 ], [ 9.210147620801305, 31.679999598523736 ], [ 9.209784964831782, 31.680160778954637 ], [ 9.209301423539085, 31.680442844708708 ], [ 9.208656701815487, 31.680724910462782 ], [ 9.208253750738239, 31.680724910462782 ], [ 9.207931389876441, 31.680845795785956 ], [ 9.207407553476019, 31.681087566432307 ], [ 9.206883717075595, 31.681168156647754 ], [ 9.206198700244274, 31.681289041970931 ], [ 9.205513683412953, 31.681490517509555 ], [ 9.204868961689355, 31.681651697940453 ], [ 9.204425715504382, 31.681853173479077 ], [ 9.20390187910396, 31.682054649017701 ], [ 9.203257157380364, 31.682175534340875 ], [ 9.202773616087665, 31.682377009879499 ], [ 9.202330369902693, 31.682699370741297 ], [ 9.201927418825445, 31.682981436495371 ], [ 9.201564762855922, 31.683223207141719 ], [ 9.201161811778674, 31.683505272895793 ], [ 9.200758860701425, 31.683787338649868 ], [ 9.200436499839627, 31.684170142173254 ], [ 9.200235024301003, 31.684573093250503 ], [ 9.199952958546929, 31.685137224758648 ], [ 9.199711187900579, 31.685459585620446 ], [ 9.199509712361957, 31.685983422020868 ], [ 9.199227646607882, 31.686789324175365 ], [ 9.199227646607882, 31.687434045898964 ], [ 9.199187351500157, 31.688119062730284 ], [ 9.199106761284709, 31.68892496488478 ], [ 9.199066466176983, 31.689650276823826 ], [ 9.199147056392432, 31.690335293655149 ], [ 9.199469417254232, 31.691463556671444 ], [ 9.199590302577406, 31.69210827839504 ], [ 9.199832073223755, 31.69303506587271 ], [ 9.200194729193278, 31.693720082704033 ], [ 9.200557385162801, 31.694284214212178 ], [ 9.20079915580915, 31.694767755504877 ], [ 9.201040926455498, 31.695049821258952 ], [ 9.201564762855922, 31.695493067443923 ], [ 9.20196771393317, 31.695775133197998 ], [ 9.202451255225867, 31.696057198952072 ], [ 9.20281391119539, 31.696137789167519 ], [ 9.203257157380364, 31.696218379382969 ], [ 9.203942174211685, 31.696178084275246 ], [ 9.204425715504382, 31.696137789167519 ], [ 9.205231617658878, 31.695976608736622 ], [ 9.2057554540593, 31.695855723413448 ], [ 9.206521061106072, 31.6954527723362 ], [ 9.207125487721944, 31.695049821258952 ], [ 9.20785079966099, 31.69460657507398 ], [ 9.208374636061414, 31.694284214212178 ], [ 9.209140243108186, 31.69388126313493 ], [ 9.209865555047232, 31.693438016949958 ], [ 9.210308801232204, 31.693155951195884 ], [ 9.210953522955801, 31.692833590334086 ], [ 9.211396769140775, 31.692632114795462 ], [ 9.211840015325746, 31.692511229472288 ], [ 9.212323556618445, 31.69226945882594 ], [ 9.212645917480243, 31.69218886861049 ], [ 9.213089163665217, 31.69210827839504 ], [ 9.21345181963474, 31.692027688179589 ], [ 9.213895065819711, 31.691947097964142 ], [ 9.214338312004685, 31.691906802856415 ], [ 9.214902443512832, 31.691826212640965 ], [ 9.215345689697806, 31.691665032210068 ], [ 9.215990411421402, 31.691544146886894 ], [ 9.216433657606375, 31.691382966455993 ], [ 9.217078379329971, 31.691181490917369 ], [ 9.21756192062267, 31.691020310486472 ], [ 9.217924576592193, 31.690697949624671 ], [ 9.21856929831579, 31.690294998547422 ], [ 9.218851364069863, 31.690012932793351 ], [ 9.218972249393037, 31.689811457254727 ], [ 9.219294610254837, 31.689529391500653 ], [ 9.219616971116634, 31.689045850207954 ], [ 9.219737856439808, 31.688683194238433 ], [ 9.219939331978432, 31.688159357838011 ], [ 9.220181102624782, 31.687474341006688 ], [ 9.220342283055681, 31.68715198014489 ], [ 9.220463168378856, 31.686910209498539 ], [ 9.220825824348379, 31.686547553529017 ], [ 9.221148185210177, 31.68630578288267 ], [ 9.221349660748801, 31.686064012236319 ], [ 9.221631726502874, 31.685822241589971 ], [ 9.222155562903298, 31.685499880728173 ], [ 9.222437628657371, 31.685378995404996 ], [ 9.222800284626894, 31.685137224758648 ], [ 9.223203235704142, 31.684935749220024 ], [ 9.223404711242766, 31.684935749220024 ], [ 9.223686776996839, 31.684895454112301 ], [ 9.224049432966364, 31.6847342736814 ], [ 9.224331498720437, 31.684693978573677 ], [ 9.224976220444034, 31.684532798142776 ], [ 9.225379171521283, 31.684291027496428 ], [ 9.225701532383081, 31.684089551957804 ], [ 9.226064188352604, 31.68388807641918 ], [ 9.226467139429852, 31.683444830234208 ], [ 9.226910385614824, 31.682920993833783 ], [ 9.227111861153448, 31.682437452541087 ], [ 9.227273041584347, 31.681873321032938 ], [ 9.227313336692072, 31.681349484632516 ], [ 9.227555107338421, 31.680745058016644 ], [ 9.227434222015248, 31.680140631400771 ], [ 9.227313336692072, 31.6796973852158 ], [ 9.227232746476624, 31.679213843923101 ], [ 9.227071566045725, 31.678569122199505 ], [ 9.226950680722549, 31.678125876014533 ], [ 9.226829795399375, 31.677722924937285 ], [ 9.226628319860751, 31.67727967875231 ], [ 9.226467139429852, 31.676634957028714 ], [ 9.226305958998953, 31.676191710843742 ], [ 9.226104483460329, 31.675546989120146 ], [ 9.226023893244879, 31.674902267396547 ], [ 9.22594330302943, 31.674257545672951 ], [ 9.225741827490806, 31.673572528841628 ], [ 9.225459761736731, 31.672726331579408 ], [ 9.225580647059905, 31.671386519247559 ], [ 9.22562094216763, 31.670862682847137 ], [ 9.225540351952182, 31.670217961123541 ], [ 9.225540351952182, 31.669250878538143 ], [ 9.225540351952182, 31.668565861706821 ], [ 9.225580647059905, 31.667800254660051 ], [ 9.225701532383081, 31.666913762290104 ], [ 9.22586271281398, 31.665986974812434 ], [ 9.226064188352604, 31.664778121580689 ], [ 9.226185073675778, 31.663770743887572 ], [ 9.226467139429852, 31.662642480871277 ], [ 9.226628319860751, 31.66167539828588 ], [ 9.2268700905071, 31.66082920102366 ], [ 9.227071566045725, 31.659821823330539 ], [ 9.227273041584347, 31.658935330960592 ], [ 9.227514812230696, 31.658250314129273 ], [ 9.22771628776932, 31.657363821759326 ], [ 9.22795805841567, 31.656638509820279 ], [ 9.228119238846569, 31.655792312558059 ], [ 9.228401304600643, 31.655107295726737 ], [ 9.228562485031542, 31.65422080335679 ], [ 9.228602780139266, 31.65353578652547 ], [ 9.228844550785615, 31.653092540340495 ], [ 9.229046026324239, 31.65252840883235 ], [ 9.229247501862863, 31.65168221157013 ], [ 9.229328092078314, 31.651077784954257 ], [ 9.229610157832386, 31.650392768122934 ], [ 9.229690748047837, 31.649667456183888 ], [ 9.229851928478736, 31.648700373598491 ], [ 9.23005340401736, 31.648015356767171 ], [ 9.230093699125085, 31.647410930151299 ], [ 9.230254879555984, 31.646725913319976 ], [ 9.230335469771433, 31.645879716057756 ], [ 9.230335469771433, 31.644429092179664 ], [ 9.230174289340534, 31.643472083371197 ], [ 9.23005340401736, 31.642907951863052 ], [ 9.23005340401736, 31.641900574169931 ], [ 9.229811633371011, 31.641175262230885 ], [ 9.229650452940112, 31.640490245399562 ] ] ] ] } },
{ "type": "Feature", "properties": { "id": 7, "Thickness": 10, "Livello": "B" }, "geometry": { "type": "MultiPolygon", "coordinates": [ [ [ [ 9.227232746476624, 31.64657480666601 ], [ 9.227111861153448, 31.645486838757439 ], [ 9.22678950029165, 31.644721231710669 ], [ 9.226265663891228, 31.643955624663896 ], [ 9.225822417706254, 31.643633263802098 ], [ 9.225379171521283, 31.6433109029403 ], [ 9.224653859582235, 31.643190017617126 ], [ 9.22352559656594, 31.64323031272485 ], [ 9.222276448226472, 31.643673558909821 ], [ 9.221591431395151, 31.64423769041797 ], [ 9.220664643917479, 31.644842117033843 ], [ 9.220060217301608, 31.645285363218814 ], [ 9.219375200470285, 31.646010675157861 ], [ 9.218690183638964, 31.646735987096907 ], [ 9.218126052130817, 31.64742100392823 ], [ 9.217400740191771, 31.648388086513624 ], [ 9.216836608683623, 31.649153693560397 ], [ 9.216433657606375, 31.64983871039172 ], [ 9.216071001636852, 31.650564022330766 ], [ 9.215748640775054, 31.651249039162085 ], [ 9.215466575020979, 31.651853465777958 ], [ 9.215265099482355, 31.65245789239383 ], [ 9.215023328836006, 31.652901138578802 ], [ 9.214620377758758, 31.653505565194674 ], [ 9.214257721789235, 31.654351762456898 ], [ 9.214136836466061, 31.655036779288217 ], [ 9.213975656035162, 31.655681501011816 ], [ 9.213854770711988, 31.656205337412239 ], [ 9.213653295173364, 31.656850059135834 ], [ 9.213572704957913, 31.657696256398054 ], [ 9.213532409850188, 31.658099207475303 ], [ 9.213532409850188, 31.658703634091175 ], [ 9.213613000065639, 31.659348355814771 ], [ 9.213693590281087, 31.659952782430643 ], [ 9.213975656035162, 31.660234848184718 ], [ 9.21429801689696, 31.660718389477417 ], [ 9.214459197327859, 31.661242225877839 ], [ 9.214580082651034, 31.661725767170537 ], [ 9.214620377758758, 31.66224960357096 ], [ 9.214580082651034, 31.662934620402279 ], [ 9.214459197327859, 31.663377866587254 ], [ 9.21429801689696, 31.663780817664502 ], [ 9.213895065819711, 31.664264358957197 ], [ 9.213371229419289, 31.664747900249896 ], [ 9.213008573449766, 31.665029966003971 ], [ 9.212605622372518, 31.665231441542595 ], [ 9.212323556618445, 31.665432917081219 ], [ 9.211880310433472, 31.665745204166086 ], [ 9.211598244679397, 31.665745204166086 ], [ 9.211316178925324, 31.66594667970471 ], [ 9.210671457201727, 31.666107860135607 ], [ 9.209704374616333, 31.666228745458785 ], [ 9.209261128431359, 31.666309335674232 ], [ 9.208495521384588, 31.666510811212856 ], [ 9.207971684984166, 31.666671991643756 ], [ 9.207568733906918, 31.66671228675148 ], [ 9.207165782829669, 31.666994352505554 ], [ 9.206722536644696, 31.667236123151902 ], [ 9.206238995351999, 31.667477893798253 ], [ 9.206037519813375, 31.667759959552328 ], [ 9.205795749167025, 31.667961435090948 ], [ 9.205594273628401, 31.668243500845023 ], [ 9.205231617658878, 31.668565861706821 ], [ 9.205070437227979, 31.668847927460895 ], [ 9.204949551904805, 31.669452354076768 ], [ 9.205070437227979, 31.670016485584917 ], [ 9.205392798089777, 31.670580617093062 ], [ 9.2057554540593, 31.67098356817031 ], [ 9.206118110028825, 31.671386519247559 ], [ 9.206561356213797, 31.671547699678456 ], [ 9.207165782829669, 31.671708880109357 ], [ 9.207891094768716, 31.67174917521708 ], [ 9.208535816492313, 31.67174917521708 ], [ 9.209059652892735, 31.671789470324807 ], [ 9.209623784400883, 31.671910355647981 ], [ 9.210308801232204, 31.672111831186605 ], [ 9.210832637632627, 31.672353601832953 ], [ 9.211638539787122, 31.672675962694754 ], [ 9.21228326151072, 31.672917733341102 ], [ 9.212605622372518, 31.673199799095176 ], [ 9.212887688126592, 31.673602750172424 ], [ 9.21345181963474, 31.674126586572847 ], [ 9.213733885388812, 31.674489242542368 ], [ 9.213854770711988, 31.674680644304061 ], [ 9.214177131573786, 31.675285070919934 ], [ 9.214459197327859, 31.67601038285898 ], [ 9.214499492435584, 31.676735694798026 ], [ 9.214539787543309, 31.67778336759887 ], [ 9.214459197327859, 31.678226613783846 ], [ 9.214338312004685, 31.678911630615165 ], [ 9.21405624625061, 31.679717532769661 ], [ 9.213693590281087, 31.680523434924158 ], [ 9.21345181963474, 31.68096668110913 ], [ 9.213169753880665, 31.681450222401828 ], [ 9.212726507695693, 31.68197405880225 ], [ 9.212162376187546, 31.682377009879499 ], [ 9.211517654463949, 31.682779960956747 ], [ 9.21103411317125, 31.682900846279921 ], [ 9.210711752309452, 31.683062026710822 ], [ 9.210308801232204, 31.683263502249446 ], [ 9.209905850154955, 31.68338438757262 ], [ 9.209583489293157, 31.683424682680343 ], [ 9.209099948000461, 31.68354556800352 ], [ 9.208777587138661, 31.683666453326694 ], [ 9.208213455630514, 31.683787338649868 ], [ 9.207891094768716, 31.683827633757591 ], [ 9.207528438799192, 31.683908223973042 ], [ 9.20700460239877, 31.683948519080769 ], [ 9.206480765998348, 31.684029109296215 ], [ 9.205876339382476, 31.684149994619389 ], [ 9.205392798089777, 31.684260806165636 ], [ 9.20490925679708, 31.684381691488809 ], [ 9.204345125288933, 31.684623462135157 ], [ 9.20366010845761, 31.684945822996955 ], [ 9.203216862272638, 31.685227888751029 ], [ 9.202773616087665, 31.685509954505104 ], [ 9.202290074794968, 31.685993495797799 ], [ 9.202008009040894, 31.68623526644415 ], [ 9.201766238394544, 31.686597922413672 ], [ 9.20164535307137, 31.686879988167746 ], [ 9.201363287317296, 31.687323234352718 ], [ 9.201202106886397, 31.687766480537693 ], [ 9.201000631347773, 31.688330612045839 ], [ 9.200879746024599, 31.689297694631236 ], [ 9.200879746024599, 31.689982711462555 ], [ 9.200920041132324, 31.690748318509328 ], [ 9.201040926455498, 31.691554220663825 ], [ 9.201242401994122, 31.69211835217197 ], [ 9.201403582425021, 31.692561598356946 ], [ 9.20156476285592, 31.693196246303611 ], [ 9.201927418825443, 31.693921558242657 ], [ 9.202249779687243, 31.694284214212178 ], [ 9.203095976949463, 31.694646870181703 ], [ 9.203579518242162, 31.694646870181703 ], [ 9.204546600827557, 31.69460657507398 ], [ 9.205151027443428, 31.694243919104455 ], [ 9.205836044274751, 31.69388126313493 ], [ 9.206279290459722, 31.693558902273132 ], [ 9.206682241536971, 31.693397721842235 ], [ 9.207447848583742, 31.692914180549536 ], [ 9.208132865415065, 31.692390344149114 ], [ 9.208576111600037, 31.691906802856415 ], [ 9.20901935778501, 31.691624737102341 ], [ 9.209825259939507, 31.691141195809646 ], [ 9.210550571878553, 31.690818834947848 ], [ 9.211195293602149, 31.690456178978323 ], [ 9.211638539787122, 31.690294998547422 ], [ 9.212041490864371, 31.690174113224248 ], [ 9.212404146833894, 31.690012932793351 ], [ 9.212726507695692, 31.689892047470178 ], [ 9.21312945877294, 31.689771162147 ], [ 9.213572704957913, 31.689771162147 ], [ 9.21405624625061, 31.689569686608376 ], [ 9.214620377758758, 31.689489096392929 ], [ 9.214942738620557, 31.689368211069752 ], [ 9.215385984805529, 31.689166735531128 ], [ 9.215990411421402, 31.68892496488478 ], [ 9.21639336249865, 31.688763784453883 ], [ 9.216836608683623, 31.688481718699808 ], [ 9.217199264653146, 31.688159357838011 ], [ 9.217521625514944, 31.687836996976209 ], [ 9.218085757023092, 31.687353455683514 ], [ 9.218529003208065, 31.686910209498539 ], [ 9.218649888531239, 31.686547553529017 ], [ 9.218891659177588, 31.685983422020868 ], [ 9.219214020039386, 31.685419290512723 ], [ 9.219375200470285, 31.685096929650925 ], [ 9.219899036870707, 31.684452207927325 ], [ 9.220301987947956, 31.684129847065527 ], [ 9.220785529240654, 31.683726895988279 ], [ 9.221228775425626, 31.683525420449655 ], [ 9.221712316718325, 31.683283649803307 ], [ 9.222276448226472, 31.683122469372407 ], [ 9.222800284626894, 31.68296128894151 ], [ 9.223203235704142, 31.682719518295162 ], [ 9.223847957427738, 31.682356862325637 ], [ 9.224250908504986, 31.682034501463839 ], [ 9.224895630228584, 31.681268894417066 ], [ 9.225217991090382, 31.68062417269347 ], [ 9.225298581305832, 31.679939155862147 ], [ 9.225419466629006, 31.679294434138551 ], [ 9.225419466629006, 31.678287056445431 ], [ 9.225177695982657, 31.677440859183211 ], [ 9.225016515551758, 31.676876727675065 ], [ 9.224774744905408, 31.676232005951466 ], [ 9.224653859582235, 31.675546989120146 ], [ 9.224412088935885, 31.674660496750199 ], [ 9.224371793828162, 31.674559758980887 ], [ 9.224210613397261, 31.673713561718667 ], [ 9.224089728074087, 31.673189725318245 ], [ 9.224009137858639, 31.672625593810096 ], [ 9.223928547643188, 31.672061462301951 ], [ 9.223847957427738, 31.670892904177929 ], [ 9.224009137858639, 31.669643755838461 ], [ 9.224170318289538, 31.668515492822166 ], [ 9.224250908504986, 31.667346934698145 ], [ 9.224331498720437, 31.666178376574127 ], [ 9.224452384043611, 31.665211293988733 ], [ 9.224653859582235, 31.664606867372861 ], [ 9.224855335120859, 31.663921850541538 ], [ 9.225016515551758, 31.663115948387041 ], [ 9.225177695982657, 31.662269751124821 ], [ 9.225298581305832, 31.661504144078048 ], [ 9.22554035195218, 31.660819127246729 ], [ 9.225580647059905, 31.659972929984509 ], [ 9.225741827490804, 31.659328208260909 ], [ 9.225822417706254, 31.658804371860487 ], [ 9.226144778568052, 31.658099207475303 ], [ 9.226265663891228, 31.657172419997632 ], [ 9.226507434537575, 31.656326222735412 ], [ 9.22678950029165, 31.65495618907277 ], [ 9.227031270937999, 31.654190582025997 ], [ 9.227273041584347, 31.653344384763777 ], [ 9.227353631799797, 31.652256416855206 ], [ 9.227353631799797, 31.651410219592986 ], [ 9.227434222015246, 31.650161071253518 ], [ 9.227474517122971, 31.648710447375425 ], [ 9.227474517122971, 31.647622479466854 ], [ 9.227313336692072, 31.646453921342836 ], [ 9.227232746476624, 31.64657480666601 ] ] ] ] } },
{ "type": "Feature", "properties": { "id": 7, "Thickness": 15, "Livello": "B" }, "geometry": { "type": "MultiPolygon", "coordinates": [ [ [ [ 9.223740112280964, 31.65358755771042 ], [ 9.223537006720292, 31.652944390101624 ], [ 9.223300050232838, 31.652335073419604 ], [ 9.22299539189183, 31.652098116932152 ], [ 9.222623031697262, 31.65182730951792 ], [ 9.222216820575916, 31.651556502103688 ], [ 9.221878311308126, 31.651488800250132 ], [ 9.221404398333222, 31.651387247469795 ], [ 9.22089663443154, 31.651522651176911 ], [ 9.220321168676298, 31.651658054884027 ], [ 9.219813404774616, 31.651928862298256 ], [ 9.219339491799712, 31.652199669712488 ], [ 9.219034833458702, 31.652538178980276 ], [ 9.218662473264134, 31.652808986394508 ], [ 9.218425516776682, 31.653249048442632 ], [ 9.21818856028923, 31.653722961417536 ], [ 9.217782349167884, 31.654298427172776 ], [ 9.217511541753652, 31.65487389292802 ], [ 9.217240734339422, 31.655652464243932 ], [ 9.217240734339422, 31.656194079072396 ], [ 9.217173032485864, 31.657074203168644 ], [ 9.217139181559084, 31.657649668923884 ], [ 9.217105330632306, 31.658597494873696 ], [ 9.217139181559084, 31.659714575457397 ], [ 9.217037628778748, 31.660425444919753 ], [ 9.217037628778748, 31.661305569016005 ], [ 9.216936075998412, 31.661847183844465 ], [ 9.21666526858418, 31.662625755160381 ], [ 9.216597566730622, 31.663268922769181 ], [ 9.216428312096728, 31.663878239451197 ], [ 9.216225206536055, 31.664386003352881 ], [ 9.215886697268266, 31.664995320034901 ], [ 9.215717442634372, 31.665604636716921 ], [ 9.215514337073699, 31.666247804325721 ], [ 9.215311231513025, 31.666857121007741 ], [ 9.215378933366583, 31.667432586762981 ], [ 9.215412784293362, 31.667940350664665 ], [ 9.215446635220141, 31.668515816419905 ], [ 9.215514337073699, 31.668955878468029 ], [ 9.215717442634372, 31.669362089589377 ], [ 9.215920548195045, 31.669666747930385 ], [ 9.21608980282894, 31.67014066090529 ], [ 9.216259057462834, 31.670614573880194 ], [ 9.216326759316392, 31.670978471343066 ], [ 9.21636061024317, 31.671384682464414 ], [ 9.216326759316392, 31.67212940285355 ], [ 9.216292908389613, 31.673009526949798 ], [ 9.216225206536055, 31.673551141778262 ], [ 9.21605595190216, 31.674262011240618 ], [ 9.216022100975382, 31.674837476995858 ], [ 9.216022100975382, 31.675446793677878 ], [ 9.216123653755718, 31.675988408506342 ], [ 9.216292908389613, 31.676462321481246 ], [ 9.21639446116995, 31.67693623445615 ], [ 9.216428312096728, 31.677613252991726 ], [ 9.216428312096728, 31.678188718746966 ], [ 9.216428312096728, 31.678654168990178 ], [ 9.21636061024317, 31.679195783818638 ], [ 9.216225206536055, 31.679974355134554 ], [ 9.21605595190216, 31.680482119036235 ], [ 9.215886697268266, 31.680752926450467 ], [ 9.215717442634372, 31.681091435718255 ], [ 9.215446635220141, 31.681328392205707 ], [ 9.215243529659467, 31.681700752400275 ], [ 9.215006573172015, 31.682039261668063 ], [ 9.214701914831005, 31.682310069082295 ], [ 9.214397256489995, 31.682648578350083 ], [ 9.214058747222207, 31.683020938544651 ], [ 9.213652536100861, 31.683359447812439 ], [ 9.213246324979513, 31.683664106153451 ], [ 9.212535455517157, 31.684002615421239 ], [ 9.212129244395811, 31.684205720981911 ], [ 9.211519927713791, 31.684442677469363 ], [ 9.211079865665667, 31.684611932103259 ], [ 9.210504399910425, 31.684781186737151 ], [ 9.210030486935521, 31.684950441371047 ], [ 9.209556573960617, 31.685085845078163 ], [ 9.209285766546387, 31.685221248785279 ], [ 9.208845704498261, 31.685322801565615 ], [ 9.208371791523357, 31.685593608979847 ], [ 9.207931729475231, 31.685796714540519 ], [ 9.207593220207443, 31.686033671027971 ], [ 9.207288561866433, 31.686473733076095 ], [ 9.206814648891529, 31.686913795124223 ], [ 9.206780797964749, 31.687286155318791 ], [ 9.206713096111192, 31.687548500001327 ], [ 9.206780797964749, 31.688090114829787 ], [ 9.206983903525423, 31.688699431511807 ], [ 9.207559369280663, 31.689037940779595 ], [ 9.208033282255567, 31.689139493559932 ], [ 9.208473344303693, 31.689139493559932 ], [ 9.208947257278597, 31.689037940779595 ], [ 9.209624275814175, 31.68890253707248 ], [ 9.210165890642637, 31.688699431511807 ], [ 9.210809058251435, 31.688462475024355 ], [ 9.211350673079897, 31.688225518536903 ], [ 9.212095393469033, 31.687988562049451 ], [ 9.212772412004609, 31.687717754635219 ], [ 9.213110921272399, 31.687650052781663 ], [ 9.213652536100861, 31.687480798147767 ], [ 9.214126449075765, 31.687311543513875 ], [ 9.214532660197111, 31.687243841660315 ], [ 9.214972722245237, 31.687040736099643 ], [ 9.215243529659467, 31.686939183319307 ], [ 9.215615889854035, 31.686736077758631 ], [ 9.215920548195045, 31.686499121271179 ], [ 9.216259057462834, 31.686194462930171 ], [ 9.216597566730622, 31.685855953662383 ], [ 9.216868374144854, 31.685551295321371 ], [ 9.217240734339422, 31.685043531419687 ], [ 9.217477690826874, 31.684738873078679 ], [ 9.21815470936245, 31.684061854543103 ], [ 9.21845936770346, 31.683689494348535 ], [ 9.21879787697125, 31.683249432300407 ], [ 9.219339491799712, 31.682707817471947 ], [ 9.219610299213942, 31.682301606350599 ], [ 9.220016510335288, 31.681861544302475 ], [ 9.220524274236972, 31.681082972986562 ], [ 9.22089663443154, 31.680507507231319 ], [ 9.221133590918992, 31.679965892402858 ], [ 9.221370547406444, 31.679424277574395 ], [ 9.221709056674232, 31.678848811819154 ], [ 9.221844460381348, 31.67837489884425 ], [ 9.221946013161684, 31.677900985869346 ], [ 9.221979864088464, 31.67722396733377 ], [ 9.221946013161684, 31.676682352505306 ], [ 9.221844460381348, 31.676174588603626 ], [ 9.221810609454568, 31.675497570068046 ], [ 9.22174290760101, 31.67478670060569 ], [ 9.221709056674232, 31.673974278362998 ], [ 9.221709056674232, 31.673534216314874 ], [ 9.221709056674232, 31.672891048706074 ], [ 9.221675205747454, 31.67245098665795 ], [ 9.221675205747454, 31.671875520902706 ], [ 9.221607503893896, 31.67119850236713 ], [ 9.221607503893896, 31.67058918568511 ], [ 9.221641354820674, 31.66997986900309 ], [ 9.221810609454568, 31.669624434271913 ], [ 9.221979864088464, 31.669082819443449 ], [ 9.22204756594202, 31.668338099054314 ], [ 9.22204756594202, 31.667424124031285 ], [ 9.2220814168688, 31.666577850861813 ], [ 9.2220814168688, 31.665460770278113 ], [ 9.22238607520981, 31.664174435060513 ], [ 9.222521478916924, 31.663260460037485 ], [ 9.222555329843704, 31.662583441501909 ], [ 9.222724584477598, 31.661940273893109 ], [ 9.222893839111492, 31.661398659064645 ], [ 9.22299539189183, 31.660789342382628 ], [ 9.223130795598944, 31.659672261798924 ], [ 9.223300050232838, 31.6592321997508 ], [ 9.223435453939954, 31.658758286775893 ], [ 9.223604708573848, 31.658047417313536 ], [ 9.223604708573848, 31.657201144144064 ], [ 9.223740112280964, 31.656456423754932 ], [ 9.223909366914858, 31.655745554292576 ], [ 9.223740112280964, 31.65500083390344 ], [ 9.223740112280964, 31.65358755771042 ] ] ] ] } },
{ "type": "Feature", "properties": { "id": 8, "Thickness": 0, "Livello": "C" }, "geometry": { "type": "MultiPolygon", "coordinates": [ [ [ [ 9.225386220380276, 31.664598060798301 ], [ 9.225386220380276, 31.663178888628085 ], [ 9.22548083185829, 31.660860907416733 ], [ 9.225528137597298, 31.658637537683397 ], [ 9.225528137597298, 31.657407588469209 ], [ 9.225528137597298, 31.656603390906088 ], [ 9.225386220380276, 31.655231524474878 ], [ 9.225149691685241, 31.654001575260693 ], [ 9.225055080207227, 31.653244683436579 ], [ 9.224865857251197, 31.652109345700406 ], [ 9.224723940034176, 31.650926702225227 ], [ 9.22448741133914, 31.649933281706076 ], [ 9.223967048210062, 31.649081778403946 ], [ 9.223730519515025, 31.64856141527487 ], [ 9.22297362769091, 31.647473383277703 ], [ 9.222453264561832, 31.647189548843659 ], [ 9.22164906699871, 31.647189548843659 ], [ 9.220892175174594, 31.647426077538697 ], [ 9.220229894828494, 31.64770991197274 ], [ 9.219709531699415, 31.648277580840826 ], [ 9.219236474309344, 31.648703332491891 ], [ 9.218810722658279, 31.649081778403946 ], [ 9.218384971007215, 31.649649447272033 ], [ 9.217911913617142, 31.650264421879125 ], [ 9.217580773444093, 31.651021313703239 ], [ 9.216965798836998, 31.651920122744379 ], [ 9.216540047185935, 31.652677014568493 ], [ 9.216256212751892, 31.653386600653601 ], [ 9.215830461100827, 31.654285409694737 ], [ 9.215310097971749, 31.655231524474878 ], [ 9.214978957798698, 31.65589380482098 ], [ 9.214553206147633, 31.656603390906088 ], [ 9.214222065974583, 31.657171059774175 ], [ 9.213512479889475, 31.658022563076305 ], [ 9.213039422499403, 31.658637537683397 ], [ 9.212377142153303, 31.659299818029496 ], [ 9.211856779024224, 31.659583652463539 ], [ 9.211194498678124, 31.660151321331625 ], [ 9.210295689636988, 31.660908213155739 ], [ 9.209775326507909, 31.661002824633755 ], [ 9.20939688059585, 31.661381270545814 ], [ 9.208781905988758, 31.661617799240847 ], [ 9.208403460076701, 31.661807022196879 ], [ 9.208025014164642, 31.662090856630922 ], [ 9.207599262513579, 31.662421996803971 ], [ 9.207599262513579, 31.662421996803971 ], [ 9.206605841994428, 31.662895054194042 ], [ 9.205943561648327, 31.663415417323122 ], [ 9.205328587041233, 31.663935780452199 ], [ 9.204713612434141, 31.664550755059292 ], [ 9.204193249305062, 31.664929200971351 ], [ 9.203625580436976, 31.665354952622415 ], [ 9.203010605829883, 31.666064538707523 ], [ 9.202442936961797, 31.666726819053622 ], [ 9.20187526809371, 31.667672933833767 ], [ 9.201307599225624, 31.668382519918875 ], [ 9.200692624618531, 31.669174891047248 ], [ 9.200503401662502, 31.669789865654344 ], [ 9.200314178706472, 31.670310228783421 ], [ 9.200030344272431, 31.670783286173496 ], [ 9.199841121316402, 31.671350955041579 ], [ 9.199651898360372, 31.672155152604702 ], [ 9.199651898360372, 31.672817432950804 ], [ 9.199557286882358, 31.673574324774918 ], [ 9.199509981143351, 31.674378522338039 ], [ 9.199509981143351, 31.675324637118184 ], [ 9.199557286882358, 31.676365363376341 ], [ 9.199746509838388, 31.677169560939461 ], [ 9.199746509838388, 31.677973758502585 ], [ 9.199841121316402, 31.678967179021736 ], [ 9.200030344272431, 31.679913293801878 ], [ 9.200172261489453, 31.681793696927407 ], [ 9.200219567228459, 31.682455977273509 ], [ 9.200219567228459, 31.683165563358617 ], [ 9.200172261489453, 31.684017066660747 ], [ 9.200124955750445, 31.684915875701883 ], [ 9.200030344272431, 31.685672767525997 ], [ 9.200077650011437, 31.686382353611105 ], [ 9.200172261489453, 31.687091939696213 ], [ 9.200266872967466, 31.687801525781321 ], [ 9.200314178706472, 31.688511111866429 ], [ 9.200503401662502, 31.689268003690543 ], [ 9.20055070740151, 31.68978836681962 ], [ 9.200834541835553, 31.690450647165722 ], [ 9.20102376479158, 31.691207538989836 ], [ 9.201402210703638, 31.69196443081395 ], [ 9.201780656615696, 31.692342876726009 ], [ 9.202301019744775, 31.692674016899058 ], [ 9.203010605829883, 31.692957851333102 ], [ 9.203530968958962, 31.693194380028139 ], [ 9.204240555044068, 31.693241685767145 ], [ 9.204760918173148, 31.693194380028139 ], [ 9.205423198519249, 31.692957851333102 ], [ 9.206227396082371, 31.692768628377074 ], [ 9.207031593645493, 31.692342876726009 ], [ 9.207741179730601, 31.691869819335938 ], [ 9.208545377293722, 31.691254844728842 ], [ 9.209207657639823, 31.690545258643738 ], [ 9.209822632246915, 31.68983567255863 ], [ 9.210437606854009, 31.688936863517494 ], [ 9.211052581461102, 31.688038054476355 ], [ 9.211667556068196, 31.686997328218197 ], [ 9.211998696241245, 31.686193130655077 ], [ 9.212235224936281, 31.685388933091954 ], [ 9.212944811021389, 31.684537429789824 ], [ 9.213417868411462, 31.683402092053655 ], [ 9.213749008584511, 31.682692505968546 ], [ 9.214174760235576, 31.681699085449395 ], [ 9.214789734842668, 31.680847582147265 ], [ 9.215499320927776, 31.67990146736712 ], [ 9.215877766839833, 31.678908046847972 ], [ 9.216492741446928, 31.678198460762864 ], [ 9.217249633271042, 31.677394263199741 ], [ 9.217817302139128, 31.676542759897611 ], [ 9.218195748051185, 31.675738562334491 ], [ 9.218716111180264, 31.675123587727398 ], [ 9.219047251353315, 31.674508613120302 ], [ 9.219236474309344, 31.673940944252216 ], [ 9.219614920221401, 31.673136746689096 ], [ 9.219993366133458, 31.672569077821009 ], [ 9.220513729262537, 31.671906797474907 ], [ 9.221034092391616, 31.671575657301858 ], [ 9.221412538303674, 31.670960682694766 ], [ 9.221790984215732, 31.670393013826679 ], [ 9.22231134734481, 31.669730733480581 ], [ 9.222926321951903, 31.669352287568522 ], [ 9.223210156385946, 31.669021147395473 ], [ 9.223777825254032, 31.668548090005398 ], [ 9.224771245773184, 31.667791198181284 ], [ 9.225149691685241, 31.666892389140148 ], [ 9.225291608902262, 31.665993580099013 ], [ 9.225386220380276, 31.665236688274899 ], [ 9.225386220380276, 31.664598060798301 ] ] ] ] } },
{ "type": "Feature", "properties": { "id": 9, "Thickness": 5, "Livello": "C" }, "geometry": { "type": "MultiPolygon", "coordinates": [ [ [ [ 9.224345128585194, 31.658763166878138 ], [ 9.224247478040377, 31.657029869707639 ], [ 9.224052176950742, 31.654881557721669 ], [ 9.223881288497314, 31.653880639637297 ], [ 9.223393035773229, 31.65234264355643 ], [ 9.222929195685349, 31.651317312835854 ], [ 9.222025928145793, 31.650536108477318 ], [ 9.221049422697623, 31.650462870568706 ], [ 9.22021939306668, 31.650804647475564 ], [ 9.219828790887412, 31.651244074927241 ], [ 9.219096411801287, 31.652244993011614 ], [ 9.218461683259976, 31.653343561640803 ], [ 9.218168731625527, 31.653953877545909 ], [ 9.217680478901443, 31.654710669268241 ], [ 9.217045750360132, 31.655638349444001 ], [ 9.216703973453273, 31.656395141166332 ], [ 9.21616689545678, 31.657176345524864 ], [ 9.215776293277512, 31.657835486702378 ], [ 9.215556579551675, 31.658201676245444 ], [ 9.215288040553428, 31.658543453152301 ], [ 9.214750962556936, 31.659129356421204 ], [ 9.214140646651829, 31.659837322871123 ], [ 9.213408267565704, 31.66056970195725 ], [ 9.21257823793476, 31.661228843134765 ], [ 9.210918178672873, 31.662327411763954 ], [ 9.210161386950542, 31.662864489760448 ], [ 9.208525740324857, 31.663932542594385 ], [ 9.20732952115085, 31.664664921680512 ], [ 9.206084476704437, 31.665446126039047 ], [ 9.205034733347654, 31.666324980942399 ], [ 9.203692038356422, 31.66770429488793 ], [ 9.20327702354095, 31.66824137288442 ], [ 9.202642294999642, 31.669608480511858 ], [ 9.202105217003149, 31.670560573323822 ], [ 9.201787852732494, 31.671707967225419 ], [ 9.201470488461839, 31.672537996856363 ], [ 9.201397250553226, 31.673538914940735 ], [ 9.20129960000841, 31.6744910077527 ], [ 9.201324012644614, 31.6756384016543 ], [ 9.20142166318943, 31.676639319738673 ], [ 9.201568139006655, 31.67749376200582 ], [ 9.201592551642859, 31.678201728455743 ], [ 9.201665789551473, 31.678860869633255 ], [ 9.201665789551473, 31.679465082379309 ], [ 9.201739027460086, 31.680075398284416 ], [ 9.201690202187677, 31.680832190006743 ], [ 9.201787852732494, 31.681637807001483 ], [ 9.201592551642859, 31.682150472361773 ], [ 9.201543726370451, 31.682687550358267 ], [ 9.201470488461839, 31.683371104171982 ], [ 9.201446075825634, 31.68381053162366 ], [ 9.201397250553226, 31.684469672801175 ], [ 9.201372837917022, 31.684957925525257 ], [ 9.201348425280818, 31.685586550907519 ], [ 9.201250774736002, 31.686392167902259 ], [ 9.201250774736002, 31.687075721715974 ], [ 9.201226362099796, 31.687759275529693 ], [ 9.201348425280818, 31.688467241979616 ], [ 9.201446075825634, 31.689077557884723 ], [ 9.201787852732494, 31.689883174879462 ], [ 9.202251692820374, 31.690566728693177 ], [ 9.202520231818619, 31.6910000529858 ], [ 9.203228198268542, 31.691463893073678 ], [ 9.203716450992626, 31.691561543618494 ], [ 9.204131465808098, 31.691585956254698 ], [ 9.204570893259774, 31.691561543618494 ], [ 9.205327684982105, 31.691390655165065 ], [ 9.206206539885457, 31.6910000529858 ], [ 9.206841268426766, 31.690536212897918 ], [ 9.207427171695668, 31.690096785446244 ], [ 9.207891011783548, 31.689706183266974 ], [ 9.208379264507633, 31.689193517906688 ], [ 9.208867517231717, 31.688558789365377 ], [ 9.209355769955801, 31.687924060824066 ], [ 9.209770784771273, 31.687118443829327 ], [ 9.210112561678132, 31.686581365832836 ], [ 9.210381100676377, 31.686068700472546 ], [ 9.210600814402216, 31.685507209839848 ], [ 9.210893766036667, 31.684896893934745 ], [ 9.211235542943527, 31.684048554826653 ], [ 9.21155290721418, 31.683389413649138 ], [ 9.211797033576223, 31.682827923016443 ], [ 9.212260873664103, 31.681924655476884 ], [ 9.212553825298555, 31.681167863754556 ], [ 9.2128223642968, 31.680704023666674 ], [ 9.213188553839863, 31.680069295125364 ], [ 9.213603568655335, 31.679434566584057 ], [ 9.213945345562195, 31.678628949589317 ], [ 9.214409185650075, 31.678189522137639 ], [ 9.214750962556934, 31.677579206232533 ], [ 9.21519039000861, 31.677115366144655 ], [ 9.215507754279264, 31.676651526056773 ], [ 9.215849531186123, 31.676138860696486 ], [ 9.216240133365392, 31.675632298495248 ], [ 9.216899274542907, 31.674973157317734 ], [ 9.2174363525394, 31.674362841412627 ], [ 9.217875779991076, 31.673996651869565 ], [ 9.218510508532384, 31.673337510692051 ], [ 9.21899876125647, 31.672800432695556 ], [ 9.2197555529788, 31.672043640973225 ], [ 9.220194980430476, 31.671579800885347 ], [ 9.220805296335582, 31.670896247071628 ], [ 9.221122660606236, 31.670407994347546 ], [ 9.221537675421708, 31.670115042713093 ], [ 9.221879452328567, 31.66962678998901 ], [ 9.222294467144039, 31.668967648811496 ], [ 9.222807132504327, 31.668381745542593 ], [ 9.223100084138778, 31.667869080182307 ], [ 9.223319797864615, 31.66755171591165 ], [ 9.223685987407679, 31.666733892598817 ], [ 9.223930113769722, 31.66612357669371 ], [ 9.224101002223151, 31.665391197607583 ], [ 9.224271890676581, 31.664707643793868 ], [ 9.224369541221398, 31.663926439435333 ], [ 9.224516017038622, 31.662803458169936 ], [ 9.224345128585194, 31.658763166878138 ] ] ] ] } },
{ "type": "Feature", "properties": { "id": 10, "Thickness": 10, "Livello": "C" }, "geometry": { "type": "MultiPolygon", "coordinates": [ [ [ [ 9.222831545140531, 31.663462599347451 ], [ 9.222660656687102, 31.662461681263078 ], [ 9.222392117688855, 31.661436350542502 ], [ 9.222172403963018, 31.660801622001191 ], [ 9.221855039692363, 31.660142480823676 ], [ 9.221391199604483, 31.659385689101345 ], [ 9.221049422697623, 31.658775373196242 ], [ 9.220780883699378, 31.65831153310836 ], [ 9.220463519428723, 31.65789651829289 ], [ 9.220048504613251, 31.657725629839462 ], [ 9.219487013980554, 31.657725629839462 ], [ 9.219023173892674, 31.657798867748074 ], [ 9.218632571713407, 31.658042994110115 ], [ 9.218412857987568, 31.658262707835952 ], [ 9.218119906353119, 31.658580072106609 ], [ 9.217851367354871, 31.65882419846865 ], [ 9.217509590448012, 31.659214800647916 ], [ 9.217118988268744, 31.659580990190982 ], [ 9.216728386089477, 31.66004483027886 ], [ 9.216411021818823, 31.660337781913313 ], [ 9.216142482820576, 31.660679558820171 ], [ 9.215751880641308, 31.661045748363232 ], [ 9.215507754279267, 31.661289874725277 ], [ 9.215214802644816, 31.661534001087318 ], [ 9.214873025737957, 31.661802540085564 ], [ 9.214409185650076, 31.662046666447605 ], [ 9.214067408743217, 31.662339618082058 ], [ 9.213530330746725, 31.662730220261324 ], [ 9.212822364296802, 31.663194060349205 ], [ 9.212358524208922, 31.663364948802634 ], [ 9.210869353400465, 31.664048502616353 ], [ 9.209941673224705, 31.664414692159415 ], [ 9.20962430895405, 31.664634405885252 ], [ 9.208476915052449, 31.665580395538161 ], [ 9.208037487600773, 31.665897759808818 ], [ 9.207451584331872, 31.666434837805308 ], [ 9.206938918971584, 31.666971915801803 ], [ 9.206304190430274, 31.667606644343113 ], [ 9.20593800088721, 31.667948421249971 ], [ 9.205425335526922, 31.668607562427486 ], [ 9.204570893259774, 31.669779368965287 ], [ 9.204277941625325, 31.670462922779006 ], [ 9.203887339446057, 31.671146476592725 ], [ 9.20374086362883, 31.671659141953011 ], [ 9.203399086721973, 31.672562409492567 ], [ 9.203301436177155, 31.673075074852857 ], [ 9.203081722451318, 31.673490089668327 ], [ 9.202886421361685, 31.674173643482046 ], [ 9.202788770816866, 31.674954847840581 ], [ 9.202715532908254, 31.675589576381892 ], [ 9.202642294999642, 31.676199892286995 ], [ 9.202642294999642, 31.676810208192101 ], [ 9.202642294999642, 31.677469349369616 ], [ 9.202642294999642, 31.677982014729903 ], [ 9.202666707635846, 31.678726600134134 ], [ 9.202666707635846, 31.679166027585808 ], [ 9.202715532908254, 31.679678692946098 ], [ 9.202788770816866, 31.68004488248916 ], [ 9.202862008725479, 31.680362246759817 ], [ 9.202910833997887, 31.680826086847695 ], [ 9.202959659270295, 31.681265514299373 ], [ 9.203008484542705, 31.681827004932067 ], [ 9.203008484542705, 31.682461733473378 ], [ 9.203008484542705, 31.68304763674228 ], [ 9.202910833997887, 31.683828841100816 ], [ 9.202837596089275, 31.684292681188694 ], [ 9.202764358180662, 31.684732108640372 ], [ 9.202544644454825, 31.685562138271315 ], [ 9.20234934336519, 31.686099216267806 ], [ 9.20234934336519, 31.686611881628096 ], [ 9.20222728018417, 31.687197784896998 ], [ 9.20222728018417, 31.687710450257285 ], [ 9.202324930728986, 31.688198702981371 ], [ 9.202520231818619, 31.688833431522678 ], [ 9.202788770816866, 31.689443747427784 ], [ 9.203106135087522, 31.689492572700193 ], [ 9.203447911994381, 31.689492572700193 ], [ 9.203814101537443, 31.689516985336397 ], [ 9.204424417442549, 31.689492572700193 ], [ 9.204961495439042, 31.689272858974356 ], [ 9.205400922890718, 31.689028732612314 ], [ 9.20593800088721, 31.68878460625027 ], [ 9.206377428338886, 31.688394004071004 ], [ 9.20691450633538, 31.687954576619326 ], [ 9.207305108514646, 31.687368673350427 ], [ 9.207598060149097, 31.686856007990137 ], [ 9.208037487600773, 31.686172454176418 ], [ 9.208281613962816, 31.685513312998907 ], [ 9.208501327688653, 31.684902997093801 ], [ 9.2087698666869, 31.684341506461102 ], [ 9.208940755140329, 31.683804428464612 ], [ 9.209160468866168, 31.683291763104322 ], [ 9.209355769955801, 31.682681447199215 ], [ 9.209746372135069, 31.68211995656652 ], [ 9.210112561678132, 31.681436402752801 ], [ 9.210478751221196, 31.680728436302878 ], [ 9.210820528128053, 31.680215770942592 ], [ 9.211162305034913, 31.679776343490914 ], [ 9.211406431396956, 31.679312503403033 ], [ 9.21189468412104, 31.678775425406542 ], [ 9.212163223119287, 31.678213934773844 ], [ 9.212456174753736, 31.677920983139394 ], [ 9.212749126388188, 31.677530380960125 ], [ 9.213335029657088, 31.677017715599838 ], [ 9.213872107653581, 31.676382987058528 ], [ 9.214506836194891, 31.675662814290504 ], [ 9.214873025737955, 31.675321037383643 ], [ 9.215580992187876, 31.67471072147854 ], [ 9.216142482820574, 31.674124818209638 ], [ 9.216630735544658, 31.673636565485552 ], [ 9.217118988268743, 31.673123900125265 ], [ 9.217582828356623, 31.672684472673588 ], [ 9.218144318989319, 31.672122982040893 ], [ 9.218534921168587, 31.671561491408195 ], [ 9.218949935984059, 31.671122063956521 ], [ 9.219389363435734, 31.670658223868639 ], [ 9.219999679340839, 31.670218796416965 ], [ 9.220414694156311, 31.669706131056675 ], [ 9.220927359516601, 31.669217878332589 ], [ 9.221269136423459, 31.668827276153323 ], [ 9.221537675421706, 31.668509911882669 ], [ 9.221952690237178, 31.667948421249971 ], [ 9.222221229235425, 31.667533406434501 ], [ 9.222465355597466, 31.667118391619027 ], [ 9.222709481959509, 31.666654551531146 ], [ 9.223026846230162, 31.665702458719181 ], [ 9.222978020957754, 31.664310938455543 ], [ 9.222831545140531, 31.663462599347451 ] ] ] ] } },
{ "type": "Feature", "properties": { "id": 11, "Thickness": 0, "Livello": "D" }, "geometry": { "type": "MultiPolygon", "coordinates": [ [ [ [ 9.22257089122202, 31.661220878666949 ], [ 9.222839047712666, 31.659129258039904 ], [ 9.223107204203313, 31.657681212990408 ], [ 9.223268098097702, 31.655857748854007 ], [ 9.223375360693961, 31.654785122891422 ], [ 9.223375360693961, 31.653819759525092 ], [ 9.223321729395831, 31.652961658755022 ], [ 9.222839047712666, 31.652157189283081 ], [ 9.22257089122202, 31.651567245003655 ], [ 9.221927315644466, 31.650870038127973 ], [ 9.221069214874396, 31.650655512935455 ], [ 9.220211114104325, 31.650762775531714 ], [ 9.219567538526773, 31.651191825916751 ], [ 9.219031225545478, 31.651620876301784 ], [ 9.218655806458573, 31.652157189283081 ], [ 9.218173124775408, 31.652800764860633 ], [ 9.217583180495984, 31.653497971736314 ], [ 9.217100498812819, 31.654248809910126 ], [ 9.216832342322173, 31.654731491593292 ], [ 9.216403291937137, 31.655375067170844 ], [ 9.215866978955843, 31.656072274046526 ], [ 9.21527703467642, 31.656823112220337 ], [ 9.214687090396996, 31.657627581692278 ], [ 9.214150777415702, 31.658110263375445 ], [ 9.213614464434409, 31.658700207654867 ], [ 9.213185414049374, 31.659075626741775 ], [ 9.212595469769949, 31.659611939723067 ], [ 9.212059156788655, 31.659987358809975 ], [ 9.211415581211103, 31.660309146598749 ], [ 9.210235692652255, 31.660952722176301 ], [ 9.209806642267219, 31.661381772561338 ], [ 9.209055804093408, 31.66197171684076 ], [ 9.208412228515856, 31.662293504629538 ], [ 9.207875915534562, 31.662668923716442 ], [ 9.207071446062621, 31.663151605399609 ], [ 9.206642395677585, 31.663366130592127 ], [ 9.20626697659068, 31.663634287082772 ], [ 9.205784294907515, 31.664063337467809 ], [ 9.20530161322435, 31.664599650449102 ], [ 9.204443512454279, 31.665082332132268 ], [ 9.204014462069244, 31.665511382517302 ], [ 9.20347814908795, 31.666101326796724 ], [ 9.202941836106655, 31.66669127107615 ], [ 9.202351891827233, 31.667388477951832 ], [ 9.201869210144068, 31.668192947423773 ], [ 9.201225634566514, 31.669372835982621 ], [ 9.200903846777738, 31.670177305454562 ], [ 9.200635690287092, 31.671357194013407 ], [ 9.200313902498316, 31.672912501659162 ], [ 9.200313902498316, 31.673931496323618 ], [ 9.200260271200186, 31.674789597093689 ], [ 9.200260271200186, 31.675486803969374 ], [ 9.200206639902056, 31.676076748248796 ], [ 9.200260271200186, 31.676385128213038 ], [ 9.200260271200186, 31.677457754175627 ], [ 9.200206639902056, 31.678154961051309 ], [ 9.200260271200186, 31.678798536628864 ], [ 9.200421165094573, 31.680139319082098 ], [ 9.200367533796443, 31.680890157255909 ], [ 9.200474796392703, 31.681855520622239 ], [ 9.200367533796443, 31.682820883988569 ], [ 9.200367533796443, 31.68362535346051 ], [ 9.200313902498316, 31.684644348124969 ], [ 9.200260271200186, 31.685716974087558 ], [ 9.200260271200186, 31.68646781226137 ], [ 9.200367533796443, 31.68732591303144 ], [ 9.200313902498316, 31.688076751205251 ], [ 9.200313902498316, 31.688720326782803 ], [ 9.200421165094573, 31.689524796254744 ], [ 9.200582058988962, 31.690222003130426 ], [ 9.200742952883351, 31.690651053515463 ], [ 9.200850215479608, 31.691133735198626 ], [ 9.201225634566514, 31.691884573372437 ], [ 9.201708316249679, 31.692206361161215 ], [ 9.202244629230973, 31.69256837242359 ], [ 9.202780942212268, 31.692836528914235 ], [ 9.203531780386079, 31.692997422808624 ], [ 9.204228987261761, 31.692997422808624 ], [ 9.205194350628091, 31.69262200372172 ], [ 9.205945188801902, 31.692461109827331 ], [ 9.206642395677585, 31.692032059442294 ], [ 9.207393233851397, 31.691763902951649 ], [ 9.207875915534562, 31.691066696075964 ], [ 9.208519491112114, 31.690369489200283 ], [ 9.209377591882184, 31.689296863237693 ], [ 9.209913904863479, 31.688599656362012 ], [ 9.210557480441032, 31.687634292995682 ], [ 9.211040162124197, 31.686883454821871 ], [ 9.211469212509233, 31.685918091455541 ], [ 9.21157647510549, 31.685435409772378 ], [ 9.212059156788655, 31.684630940300437 ], [ 9.212434575875561, 31.683772839530366 ], [ 9.212649101068079, 31.68323652654907 ], [ 9.213131782751244, 31.682432057077129 ], [ 9.21345357054002, 31.681842112797707 ], [ 9.213828989626926, 31.680876749431377 ], [ 9.214258040011961, 31.680233173853825 ], [ 9.214633459098867, 31.679535966978143 ], [ 9.215008878185772, 31.678892391400591 ], [ 9.215384297272678, 31.678248815823036 ], [ 9.215813347657713, 31.677873396736132 ], [ 9.216188766744621, 31.67717618986045 ], [ 9.216617817129656, 31.676693508177284 ], [ 9.217154130110949, 31.67626445779225 ], [ 9.217475917899726, 31.675674513512824 ], [ 9.217851336986632, 31.675245463127791 ], [ 9.218387649967925, 31.67438736235772 ], [ 9.21881670035296, 31.673797418078294 ], [ 9.219513907228643, 31.672992948606353 ], [ 9.220103851508066, 31.672081216538153 ], [ 9.220479270594973, 31.671223115768083 ], [ 9.220801058383749, 31.670311383699886 ], [ 9.221176477470655, 31.669399651631686 ], [ 9.22155189655756, 31.668273394370967 ], [ 9.221980946942596, 31.66693261191773 ], [ 9.222356366029501, 31.665216410377589 ], [ 9.22251725992389, 31.664090153116874 ], [ 9.22257089122202, 31.662963895856155 ], [ 9.22257089122202, 31.661220878666949 ] ] ] ] } },
{ "type": "Feature", "properties": { "id": 12, "Thickness": 5, "Livello": "D" }, "geometry": { "type": "MultiPolygon", "coordinates": [ [ [ [ 9.221337371365045, 31.661515850806662 ], [ 9.221444633961305, 31.660335962247814 ], [ 9.221444633961305, 31.659263336285225 ], [ 9.221391002663175, 31.658244341620765 ], [ 9.221230108768788, 31.657600766043213 ], [ 9.22090832098001, 31.656903559167532 ], [ 9.220479270594975, 31.65625998358998 ], [ 9.21999658891181, 31.655938195801202 ], [ 9.219192119439869, 31.655830933204943 ], [ 9.218709437756704, 31.655991827099331 ], [ 9.217958599582893, 31.656313614888109 ], [ 9.217368655303471, 31.656742665273143 ], [ 9.216725079725917, 31.65711808436005 ], [ 9.216081504148365, 31.657600766043213 ], [ 9.215491559868941, 31.658190710322639 ], [ 9.21463345909887, 31.658887917198321 ], [ 9.213828989626929, 31.659477861477743 ], [ 9.213292676645635, 31.660014174459036 ], [ 9.212595469769953, 31.660657750036592 ], [ 9.21189826289427, 31.661086800421625 ], [ 9.211361949912977, 31.661354956912273 ], [ 9.210825636931682, 31.661784007297307 ], [ 9.210342955248517, 31.662105795086084 ], [ 9.209753010969093, 31.662534845471118 ], [ 9.209216697987801, 31.662856633259896 ], [ 9.208197703323341, 31.663285683644933 ], [ 9.207500496447659, 31.663929259222485 ], [ 9.207017814764495, 31.664304678309389 ], [ 9.206642395677589, 31.664626466098166 ], [ 9.206213345292554, 31.664894622588815 ], [ 9.205730663609389, 31.665430935570107 ], [ 9.205247981926224, 31.6659672485514 ], [ 9.204872562839318, 31.666342667638308 ], [ 9.204175355963635, 31.66698624321586 ], [ 9.20369267428047, 31.66784434398593 ], [ 9.203209992597307, 31.668702444756001 ], [ 9.202780942212271, 31.669399651631682 ], [ 9.202405523125364, 31.670472277594271 ], [ 9.202190997932847, 31.671169484469953 ], [ 9.202083735336588, 31.672081216538153 ], [ 9.201976472740329, 31.672778423413838 ], [ 9.201869210144071, 31.673690155482035 ], [ 9.201869210144071, 31.674280099761461 ], [ 9.201815578845942, 31.675191831829661 ], [ 9.201708316249682, 31.675996301301602 ], [ 9.201708316249682, 31.676747139475413 ], [ 9.201815578845942, 31.677551608947354 ], [ 9.201761947547812, 31.678195184524906 ], [ 9.201815578845942, 31.679415296557352 ], [ 9.201815578845942, 31.680702447712456 ], [ 9.201601053653423, 31.681721442376915 ], [ 9.201547422355294, 31.682633174445115 ], [ 9.201493791057166, 31.683544906513315 ], [ 9.201332897162777, 31.684242113388997 ], [ 9.201332897162777, 31.684885688966549 ], [ 9.201225634566518, 31.685797421034749 ], [ 9.201225634566518, 31.686494627910434 ], [ 9.201225634566518, 31.687191834786116 ], [ 9.201118371970258, 31.687942672959927 ], [ 9.201279265864647, 31.688854405028128 ], [ 9.201332897162777, 31.689712505798198 ], [ 9.201601053653423, 31.69035608137575 ], [ 9.201922841442201, 31.690731500462658 ], [ 9.202244629230977, 31.691053288251432 ], [ 9.202620048317883, 31.69132144474208 ], [ 9.203049098702918, 31.69137507604021 ], [ 9.203585411684212, 31.691428707338339 ], [ 9.204175355963635, 31.691428707338339 ], [ 9.204765300243059, 31.69137507604021 ], [ 9.205247981926224, 31.69126781344395 ], [ 9.205837926205646, 31.690999656953302 ], [ 9.206320607888811, 31.690570606568269 ], [ 9.206696026975717, 31.69040971267388 ], [ 9.207285971255141, 31.689927030990717 ], [ 9.207715021640176, 31.68944434930755 ], [ 9.208090440727082, 31.688961667624387 ], [ 9.208573122410247, 31.688425354643091 ], [ 9.209270329285928, 31.687889041661798 ], [ 9.209699379670964, 31.686923678295468 ], [ 9.210074798757871, 31.686226471419786 ], [ 9.210450217844777, 31.68569015843849 ], [ 9.210825636931682, 31.685153845457197 ], [ 9.211201056018588, 31.684027588196479 ], [ 9.211576475105494, 31.683276750022667 ], [ 9.212112788086788, 31.682633174445115 ], [ 9.212595469769953, 31.681775073675045 ], [ 9.212863626260599, 31.681185129395622 ], [ 9.213185414049375, 31.680434291221811 ], [ 9.213614464434411, 31.679737084346126 ], [ 9.213989883521316, 31.678986246172315 ], [ 9.214258040011964, 31.67866445838354 ], [ 9.214526196502611, 31.678235407998503 ], [ 9.214794352993259, 31.677913620209729 ], [ 9.215223403378294, 31.677109150737785 ], [ 9.215491559868941, 31.676733731650881 ], [ 9.215920610253976, 31.676143787371458 ], [ 9.216403291937141, 31.675285686601388 ], [ 9.216617817129658, 31.675071161408869 ], [ 9.216939604918435, 31.674534848427573 ], [ 9.217368655303471, 31.67410579804254 ], [ 9.217744074390376, 31.673623116359376 ], [ 9.218173124775412, 31.672925909483691 ], [ 9.218602175160447, 31.672335965204269 ], [ 9.218923962949223, 31.671692389626717 ], [ 9.219245750737999, 31.671102445347291 ], [ 9.219567538526775, 31.670512501067869 ], [ 9.219674801123034, 31.669654400297798 ], [ 9.22005022020994, 31.668796299527727 ], [ 9.220264745402458, 31.667777304863268 ], [ 9.220747427085623, 31.666114734621257 ], [ 9.22096195227814, 31.665203002553056 ], [ 9.221122846172529, 31.664130376590471 ], [ 9.221176477470658, 31.662628700242845 ], [ 9.221337371365045, 31.661515850806662 ] ] ] ] } },
{ "type": "Feature", "properties": { "id": 13, "Thickness": 10, "Livello": "D" }, "geometry": { "type": "MultiPolygon", "coordinates": [ [ [ [ 9.219971864510338, 31.664282751116161 ], [ 9.220009195808979, 31.663349468650132 ], [ 9.219822539315773, 31.662528180080031 ], [ 9.219561220225286, 31.661781554107208 ], [ 9.219150575940233, 31.66110959073167 ], [ 9.21900125074567, 31.660885602939821 ], [ 9.218590606460618, 31.660512289953413 ], [ 9.218217293474206, 31.660325633460207 ], [ 9.217694655293231, 31.660213639564283 ], [ 9.217246679709538, 31.660101645668359 ], [ 9.216836035424487, 31.660101645668359 ], [ 9.216313397243511, 31.660138976967001 ], [ 9.215828090361176, 31.660213639564283 ], [ 9.215342783478842, 31.660288302161565 ], [ 9.214857476596508, 31.660549621252052 ], [ 9.214521494908739, 31.660624283849334 ], [ 9.213812200234559, 31.660848271641182 ], [ 9.21317756815766, 31.661184253328951 ], [ 9.211161678031042, 31.662341523586825 ], [ 9.210601708551426, 31.6628641617678 ], [ 9.209892413877245, 31.663386799948775 ], [ 9.209444438293552, 31.663610787740623 ], [ 9.2090337940085, 31.663872106831111 ], [ 9.208585818424806, 31.664394745012086 ], [ 9.207652535958779, 31.665066708387624 ], [ 9.207204560375088, 31.665589346568598 ], [ 9.206793916090035, 31.66596265955501 ], [ 9.206196615311777, 31.666522629034628 ], [ 9.205524651936239, 31.667343917604729 ], [ 9.204927351157981, 31.668314531369397 ], [ 9.204591369470212, 31.669322476432708 ], [ 9.204442044275646, 31.66980778331504 ], [ 9.204106062587877, 31.670554409287863 ], [ 9.20384474349739, 31.671226372663401 ], [ 9.203658087004184, 31.6718610047403 ], [ 9.203396767913697, 31.672420974219918 ], [ 9.203284774017773, 31.672980943699535 ], [ 9.203060786225926, 31.673839563568279 ], [ 9.202836798434079, 31.674735514735666 ], [ 9.202799467135439, 31.675332815513922 ], [ 9.202799467135439, 31.676042110188103 ], [ 9.202724804538157, 31.677124717848695 ], [ 9.202762135836798, 31.678431313301132 ], [ 9.202762135836798, 31.679177939273952 ], [ 9.202911461031363, 31.679812571350851 ], [ 9.20287412973272, 31.680671191219599 ], [ 9.202724804538157, 31.681567142386982 ], [ 9.202650141940875, 31.682201774463881 ], [ 9.202538148044951, 31.682799075242137 ], [ 9.202538148044951, 31.68354570121496 ], [ 9.202575479343592, 31.684180333291859 ], [ 9.202538148044951, 31.684777634070116 ], [ 9.202426154149029, 31.685552258516921 ], [ 9.202388822850386, 31.68618689059382 ], [ 9.202351491551745, 31.686634866177513 ], [ 9.202239497655823, 31.687045510462564 ], [ 9.202239497655823, 31.687418823448976 ], [ 9.202276828954464, 31.687904130331308 ], [ 9.202388822850386, 31.688314774616362 ], [ 9.202650141940875, 31.688762750200052 ], [ 9.20287412973272, 31.689210725783745 ], [ 9.203210111420491, 31.689472044874233 ], [ 9.203471430510978, 31.689584038770157 ], [ 9.203770080900107, 31.689621370068799 ], [ 9.204255387782441, 31.689621370068799 ], [ 9.204666032067493, 31.689621370068799 ], [ 9.205151338949827, 31.689472044874233 ], [ 9.205860633624008, 31.689210725783745 ], [ 9.206345940506342, 31.688874744095976 ], [ 9.206793916090035, 31.688538762408207 ], [ 9.207241891673728, 31.688240112019077 ], [ 9.207764529854703, 31.687754805136745 ], [ 9.20836183063296, 31.686970847865283 ], [ 9.208959131411218, 31.686298884489741 ], [ 9.20936977569627, 31.685738915010127 ], [ 9.209668426085399, 31.685290939426434 ], [ 9.209929745175886, 31.684768301245459 ], [ 9.210377720759579, 31.683872350078072 ], [ 9.210601708551426, 31.683312380598455 ], [ 9.210863027641913, 31.682901736313404 ], [ 9.211236340628323, 31.682379098132429 ], [ 9.211758978809298, 31.681520478263682 ], [ 9.212169623094351, 31.680624527096299 ], [ 9.212393610886197, 31.680213882811245 ], [ 9.212580267379403, 31.679728575928912 ], [ 9.21284158646989, 31.679168606449295 ], [ 9.213289562053584, 31.678197992684627 ], [ 9.213588212442712, 31.677638023205009 ], [ 9.21388686283184, 31.677078053725396 ], [ 9.214148181922328, 31.676452754473154 ], [ 9.214484163610098, 31.676079441486742 ], [ 9.214670820103304, 31.675706128500334 ], [ 9.214969470492433, 31.675034165124792 ], [ 9.215268120881561, 31.674436864346536 ], [ 9.21560410256933, 31.674026220061485 ], [ 9.215940084257101, 31.673540913179149 ], [ 9.216201403347588, 31.673055606296817 ], [ 9.216425391139435, 31.672831618504969 ], [ 9.216686710229922, 31.672495636817199 ], [ 9.217209348410897, 31.6718610047403 ], [ 9.217507998800025, 31.671263703962044 ], [ 9.217731986591872, 31.670965053572914 ], [ 9.218179962175565, 31.670367752794657 ], [ 9.218366618668771, 31.669957108509607 ], [ 9.218739931655181, 31.669322476432708 ], [ 9.218963919447027, 31.668837169550372 ], [ 9.219113244641592, 31.668426525265321 ], [ 9.21937456373208, 31.667754561889783 ], [ 9.219598551523926, 31.667119929812884 ], [ 9.219710545419851, 31.666559960333267 ], [ 9.219859870614414, 31.665925328256368 ], [ 9.220009195808979, 31.665066708387624 ], [ 9.219971864510338, 31.664282751116161 ] ] ] ] } },
{ "type": "Feature", "properties": { "id": 14, "Thickness": 15, "Livello": "D" }, "geometry": { "type": "MultiPolygon", "coordinates": [ [ [ [ 9.217731986591872, 31.666074653450934 ], [ 9.217731986591872, 31.665253364880829 ], [ 9.217619992695949, 31.664432076310725 ], [ 9.217284011008179, 31.663386799948775 ], [ 9.216873366723128, 31.662938824365082 ], [ 9.216350728542153, 31.66256551137867 ], [ 9.216014746854382, 31.662378854885464 ], [ 9.215305452180202, 31.662117535794977 ], [ 9.214745482700586, 31.662005541899056 ], [ 9.214148181922328, 31.662080204496338 ], [ 9.213662875039994, 31.662192198392262 ], [ 9.213214899456302, 31.662341523586825 ], [ 9.212692261275325, 31.662752167871876 ], [ 9.212430942184838, 31.6628641617678 ], [ 9.211833641406582, 31.663125480858287 ], [ 9.211199009329682, 31.663349468650132 ], [ 9.21078836504463, 31.663685450337905 ], [ 9.210340389460939, 31.66390943812975 ], [ 9.209929745175886, 31.664432076310725 ], [ 9.209556432189475, 31.664768057998494 ], [ 9.209257781800346, 31.665029377088981 ], [ 9.208847137515294, 31.665514683971317 ], [ 9.208548487126166, 31.665999990853649 ], [ 9.208249836737037, 31.666410635138703 ], [ 9.207913855049267, 31.666895942021036 ], [ 9.207689867257422, 31.667269255007447 ], [ 9.207428548166932, 31.667717230591141 ], [ 9.207167229076445, 31.668202537473476 ], [ 9.206681922194111, 31.669098488640859 ], [ 9.206569928298189, 31.669359807731347 ], [ 9.206308609207701, 31.669882445912325 ], [ 9.206009958818573, 31.670442415391939 ], [ 9.205860633624008, 31.671039716170196 ], [ 9.205524651936239, 31.671525023052531 ], [ 9.205375326741674, 31.672084992532149 ], [ 9.205300664144392, 31.672682293310405 ], [ 9.205151338949827, 31.673092937595456 ], [ 9.20489001985934, 31.673540913179149 ], [ 9.204815357262058, 31.673951557464203 ], [ 9.204778025963416, 31.674287539151972 ], [ 9.204703363366134, 31.674698183437023 ], [ 9.204591369470212, 31.675183490319359 ], [ 9.204479375574287, 31.675519472007128 ], [ 9.204442044275646, 31.675930116292179 ], [ 9.204442044275646, 31.67630342927859 ], [ 9.204404712977006, 31.676714073563641 ], [ 9.204367381678365, 31.677274043043258 ], [ 9.2042180564838, 31.677834012522876 ], [ 9.2042180564838, 31.678207325509284 ], [ 9.204330050379724, 31.679065945378031 ], [ 9.204292719081081, 31.6794019270658 ], [ 9.2042180564838, 31.680073890441339 ], [ 9.204292719081081, 31.680484534726393 ], [ 9.204479375574287, 31.681156498101931 ], [ 9.204479375574287, 31.681753798880187 ], [ 9.204479375574287, 31.682201774463881 ], [ 9.204591369470212, 31.682612418748935 ], [ 9.204740694664775, 31.68313505692991 ], [ 9.204852688560699, 31.683695026409524 ], [ 9.205039345053905, 31.684068339395935 ], [ 9.205337995443033, 31.684702971472834 ], [ 9.20559931453352, 31.684926959264679 ], [ 9.205935296221289, 31.685188278355167 ], [ 9.20627127790906, 31.685262940952452 ], [ 9.206719253492752, 31.685262940952452 ], [ 9.207241891673728, 31.685225609653809 ], [ 9.207353885569651, 31.685113615757885 ], [ 9.207652535958779, 31.684926959264679 ], [ 9.208063180243832, 31.684516314979629 ], [ 9.208623149723447, 31.683732357708166 ], [ 9.2090337940085, 31.683060394332625 ], [ 9.209444438293552, 31.682313768359805 ], [ 9.209817751279962, 31.681529811088343 ], [ 9.210153732967733, 31.680857847712801 ], [ 9.210340389460939, 31.680409872129108 ], [ 9.210676371148708, 31.679849902649494 ], [ 9.210937690239195, 31.679215270572595 ], [ 9.211385665822888, 31.678580638495696 ], [ 9.211758978809298, 31.677722018626952 ], [ 9.212206954392991, 31.676863398758208 ], [ 9.212505604782121, 31.675743459798973 ], [ 9.212729592573966, 31.675332815513922 ], [ 9.213065574261737, 31.674847508631586 ], [ 9.213289562053584, 31.674474195645178 ], [ 9.213774868935918, 31.673839563568279 ], [ 9.214297507116893, 31.673167600192738 ], [ 9.214857476596508, 31.672308980323994 ], [ 9.215305452180202, 31.671562354351174 ], [ 9.215641433867972, 31.670965053572914 ], [ 9.215977415555741, 31.670330421496018 ], [ 9.216462722438076, 31.669509132925914 ], [ 9.216724041528563, 31.668949163446296 ], [ 9.21694802932041, 31.668613181758527 ], [ 9.217433336202744, 31.667791893188422 ], [ 9.21765732399459, 31.667157261111523 ], [ 9.217731986591872, 31.666074653450934 ] ] ] ] } },
{ "type": "Feature", "properties": { "id": 15, "Thickness": 20, "Livello": "D" }, "geometry": { "type": "MultiPolygon", "coordinates": [ [ [ [ 9.215268120881557, 31.668596583905419 ], [ 9.215268120881557, 31.667826278418644 ], [ 9.215268120881557, 31.667263362870614 ], [ 9.215090358076917, 31.666611565920267 ], [ 9.214942222406384, 31.66604865037224 ], [ 9.214586696797102, 31.665367226287785 ], [ 9.214142289785501, 31.665219090617249 ], [ 9.213757137042114, 31.665130209214929 ], [ 9.21343123856694, 31.665100582080822 ], [ 9.213134967225873, 31.665100582080822 ], [ 9.212690560214272, 31.665159836349037 ], [ 9.212394288873204, 31.665278344885461 ], [ 9.211861000459281, 31.665485734824209 ], [ 9.211505474850002, 31.665693124762957 ], [ 9.211179576374827, 31.66595976896992 ], [ 9.210972186436079, 31.66604865037224 ], [ 9.210646287960905, 31.666285667445091 ], [ 9.21023150808341, 31.666700447322587 ], [ 9.209905609608237, 31.667115227200082 ], [ 9.209520456864849, 31.667589261345789 ], [ 9.209194558389674, 31.668033668357388 ], [ 9.208898287048607, 31.668418821100779 ], [ 9.208690897109861, 31.668803973844167 ], [ 9.208513134305219, 31.669159499453446 ], [ 9.208394625768793, 31.669426143660406 ], [ 9.20815760869594, 31.669870550672009 ], [ 9.207920591623084, 31.670314957683608 ], [ 9.207683574550231, 31.670788991829319 ], [ 9.207387303209163, 31.671322280243238 ], [ 9.207179913270416, 31.671885195791265 ], [ 9.206854014795242, 31.672448111339296 ], [ 9.206705879124709, 31.672892518350896 ], [ 9.206587370588281, 31.673396179630711 ], [ 9.206439234917747, 31.673959095178738 ], [ 9.206231844979001, 31.674462756458553 ], [ 9.20614296357668, 31.675025672006583 ], [ 9.20596520077204, 31.675588587554611 ], [ 9.205846692235612, 31.676003367432106 ], [ 9.205757810833292, 31.676625537248345 ], [ 9.205698556565078, 31.677010689991732 ], [ 9.205668929430972, 31.677692114076191 ], [ 9.205580048028652, 31.67840316529475 ], [ 9.205491166626333, 31.6790549622451 ], [ 9.205520793760439, 31.679736386329555 ], [ 9.205609675162759, 31.680299301877582 ], [ 9.205728183699186, 31.680891844559717 ], [ 9.205935573637934, 31.681395505839532 ], [ 9.206291099247213, 31.681958421387559 ], [ 9.206528116320069, 31.682284319862735 ], [ 9.206883641929348, 31.682432455533267 ], [ 9.207446557477377, 31.682343574130947 ], [ 9.208098354427726, 31.682106557058095 ], [ 9.208572388573433, 31.681721404314708 ], [ 9.208868659914501, 31.681247370168997 ], [ 9.208779778512181, 31.68068445462097 ], [ 9.208898287048607, 31.68015116620705 ], [ 9.209194558389674, 31.679528996390808 ], [ 9.209490829730742, 31.678817945172245 ], [ 9.209935236742343, 31.678077266819578 ], [ 9.210201880949304, 31.677277334198696 ], [ 9.210527779424478, 31.676714418650665 ], [ 9.210764796497333, 31.676062621700318 ], [ 9.211149949240721, 31.675588587554611 ], [ 9.211357339179468, 31.675144180543008 ], [ 9.211712864788748, 31.674551637860873 ], [ 9.212038763263923, 31.673988722312846 ], [ 9.212364661739096, 31.673366552496603 ], [ 9.212868323018911, 31.672596247009828 ], [ 9.213312730030513, 31.671855568657161 ], [ 9.213757137042114, 31.670996381768063 ], [ 9.214468188260675, 31.670018686342541 ], [ 9.214853341004064, 31.669366889392194 ], [ 9.215119985211023, 31.669040990917019 ], [ 9.215268120881557, 31.668596583905419 ] ] ] ] } },
{ "type": "Feature", "properties": { "id": 16, "Thickness": 25, "Livello": "D" }, "geometry": { "type": "MultiPolygon", "coordinates": [ [ [ [ 9.211564729118214, 31.672507365607508 ], [ 9.211772119056961, 31.672003704327693 ], [ 9.211683237654642, 31.671529670181986 ], [ 9.211357339179468, 31.671174144572706 ], [ 9.211090694972507, 31.671085263170387 ], [ 9.210735169363225, 31.670966754633959 ], [ 9.210438898022158, 31.671026008902171 ], [ 9.210172253815198, 31.671203771706811 ], [ 9.209935236742343, 31.671440788779666 ], [ 9.209579711133063, 31.671914822925373 ], [ 9.209076049853248, 31.672448111339296 ], [ 9.208720524243967, 31.672892518350896 ], [ 9.208453880037007, 31.673336925362499 ], [ 9.208187235830046, 31.673840586642314 ], [ 9.207950218757192, 31.674433129324449 ], [ 9.207594693147911, 31.674907163470156 ], [ 9.207446557477377, 31.675381197615863 ], [ 9.207387303209163, 31.675736723225143 ], [ 9.207209540404524, 31.676210757370853 ], [ 9.20715028613631, 31.676655164382453 ], [ 9.207091031868096, 31.67704031712584 ], [ 9.207002150465776, 31.677484724137443 ], [ 9.207002150465776, 31.677721741210295 ], [ 9.20706140473399, 31.678077266819578 ], [ 9.20723916753863, 31.678521673831177 ], [ 9.207476184611483, 31.678788318038137 ], [ 9.207831710220765, 31.678788318038137 ], [ 9.208039100159512, 31.678729063769925 ], [ 9.208483507171113, 31.67858092809939 ], [ 9.208661269975753, 31.67804763968547 ], [ 9.20904642271914, 31.677543978405655 ], [ 9.209253812657888, 31.677099571394056 ], [ 9.209520456864849, 31.676447774443705 ], [ 9.209727846803597, 31.67594411316389 ], [ 9.209846355340023, 31.675440451884075 ], [ 9.210112999546984, 31.675055299140688 ], [ 9.210379643753944, 31.674699773531408 ], [ 9.210646287960905, 31.674196112251593 ], [ 9.211001813570187, 31.67366282383767 ], [ 9.211209203508934, 31.673248043960179 ], [ 9.211446220581788, 31.672892518350896 ], [ 9.211564729118214, 31.672507365607508 ] ] ] ] } },
{ "type": "Feature", "properties": { "id": 20, "Thickness": 0, "Livello": "E" }, "geometry": { "type": "MultiPolygon", "coordinates": [ [ [ [ 9.206446771084522, 31.681141756657155 ], [ 9.207197699526349, 31.680795174299387 ], [ 9.207717573062997, 31.680275300762741 ], [ 9.208121919147057, 31.67998648213127 ], [ 9.208526265231118, 31.679524372320913 ], [ 9.208815083862589, 31.679062262510559 ], [ 9.209103902494061, 31.678715680152791 ], [ 9.209450484851827, 31.678253570342438 ], [ 9.209854830935887, 31.677675933079495 ], [ 9.210085885841064, 31.677040532090256 ], [ 9.210374704472535, 31.676347367374724 ], [ 9.210721286830301, 31.675885257564371 ], [ 9.211125632914362, 31.675192092848839 ], [ 9.211414451545833, 31.674383400680718 ], [ 9.211761033903599, 31.673574708512596 ], [ 9.211992088808778, 31.672766016344475 ], [ 9.212396434892838, 31.671726269271179 ], [ 9.212454198619131, 31.670628758471587 ], [ 9.212223143713954, 31.669820066303465 ], [ 9.211587742724717, 31.669242429040523 ], [ 9.210894578009185, 31.669011374135344 ], [ 9.209912594662182, 31.668838082956462 ], [ 9.209392721125532, 31.668953610409051 ], [ 9.208641792683705, 31.669357956493112 ], [ 9.208121919147057, 31.669877830029762 ], [ 9.207717573062997, 31.670397703566408 ], [ 9.207255463252642, 31.670859813376765 ], [ 9.206793353442288, 31.671552978092297 ], [ 9.206331243631933, 31.672419433986711 ], [ 9.205926897547872, 31.673343653607422 ], [ 9.205580315190106, 31.674210109501836 ], [ 9.205291496558635, 31.675365384027721 ], [ 9.204944914200869, 31.676347367374724 ], [ 9.205002677927164, 31.677387114448024 ], [ 9.204944914200869, 31.678080279163556 ], [ 9.204944914200869, 31.679062262510559 ], [ 9.205118205379753, 31.679928718404973 ], [ 9.20523373283234, 31.680564119394212 ], [ 9.205811370095285, 31.681141756657155 ], [ 9.206446771084522, 31.681141756657155 ] ] ] ] } }
]
}
