{
"type": "FeatureCollection",
"name": "lakes-historical",
"crs": { "type": "name", "properties": { "name": "urn:ogc:def:crs:OGC:1.3:CRS84" } },
"features": [
{ "type": "Feature", "properties": { "fid": 1, "DN": 1, "solidity": 0.78998073217726394, "compactness": 0.31803777480785561, "area_m2": 184646.11433479379, "layer": "Oil Inventory 1984 (LS)", "path": "/Users/jmeloflorez-local/Research/oil-lakes/data/oil_inventory_1984_LS.gpkg", "year": 1984, "date": "1984-01-01" }, "geometry": { "type": "Polygon", "coordinates": [ [ [ 9.196093206038103, 31.710642129126811 ], [ 9.196092636458404, 31.71037146396532 ], [ 9.195459401814679, 31.71037243621431 ], [ 9.195458834081911, 31.710101771031102 ], [ 9.194508984817967, 31.710103223493036 ], [ 9.194508419851706, 31.709832558283033 ], [ 9.194191804334794, 31.709833040859607 ], [ 9.194190676264286, 31.709291710394954 ], [ 9.193240835185691, 31.709293153377438 ], [ 9.193241396458355, 31.709563818630688 ], [ 9.192608167195646, 31.709564776698379 ], [ 9.192608726636644, 31.70983544195018 ], [ 9.192292111074382, 31.709835919809827 ], [ 9.192291552552996, 31.709565254553006 ], [ 9.191658323245161, 31.709566207903809 ], [ 9.191657209903305, 31.709024877335587 ], [ 9.192290435532771, 31.709023924004814 ], [ 9.192289877033931, 31.70875325871344 ], [ 9.192606488917821, 31.70875278087389 ], [ 9.192605929506936, 31.708482115576036 ], [ 9.192922540463741, 31.70848163695538 ], [ 9.192921980140829, 31.708210971651035 ], [ 9.193238590170546, 31.708210492249311 ], [ 9.193238028935639, 31.707939826938492 ], [ 9.195137683437709, 31.707936934050274 ], [ 9.195137116693211, 31.707666268758352 ], [ 9.195453724830749, 31.707665783864066 ], [ 9.195452589525621, 31.707124453255869 ], [ 9.19576919581651, 31.707123967585709 ], [ 9.195768627255918, 31.706853302269444 ], [ 9.196085232619671, 31.706852815818319 ], [ 9.196084663147253, 31.706582150495649 ], [ 9.196717872012814, 31.706581175245464 ], [ 9.196717300709137, 31.70631050992154 ], [ 9.197033904210929, 31.706310021122498 ], [ 9.197033331995494, 31.706039355792196 ], [ 9.197666537137074, 31.706038375846262 ], [ 9.197665963090463, 31.705767710514746 ], [ 9.198615767986567, 31.705766234716062 ], [ 9.198616344791485, 31.706036900032071 ], [ 9.199566152376049, 31.706035417143539 ], [ 9.199567891112517, 31.70684741297574 ], [ 9.199251285833732, 31.706847908073566 ], [ 9.199252443191387, 31.707389238581211 ], [ 9.198935836065832, 31.707389732903362 ], [ 9.198936413836829, 31.707660398145119 ], [ 9.198619805783991, 31.707660891686377 ], [ 9.198620959510251, 31.708202222145704 ], [ 9.198304349610593, 31.708202714911227 ], [ 9.198304925565818, 31.708473380128801 ], [ 9.197988314738863, 31.708473872113384 ], [ 9.197989464833432, 31.709015202524341 ], [ 9.197672852159608, 31.709015693733146 ], [ 9.197674000445945, 31.709557024108367 ], [ 9.197357385925214, 31.709557514541341 ], [ 9.197357959160362, 31.70982817971683 ], [ 9.197041343712309, 31.709828669368807 ], [ 9.197041916035547, 31.71009933453794 ], [ 9.196725299660173, 31.710099823408893 ], [ 9.196726442490469, 31.710641153722889 ], [ 9.196093206038103, 31.710642129126811 ] ] ] } },
{ "type": "Feature", "properties": { "fid": 2, "DN": 1, "solidity": 0.79727891156462583, "compactness": 0.29352252790236272, "area_m2": 263900.96228548867, "layer": "Oil Inventory 1986 (LS)", "path": "/Users/jmeloflorez-local/Research/oil-lakes/data/oil_inventory_1986_LS.gpkg", "year": 1986, "date": "1986-01-01" }, "geometry": { "type": "Polygon", "coordinates": [ [ [ 9.415416645717539, 31.689816415696988 ], [ 9.41541544007014, 31.68954575519906 ], [ 9.414465819692891, 31.689548844343037 ], [ 9.41446461681754, 31.68927818380109 ], [ 9.413831538322306, 31.689280239281402 ], [ 9.413830337300332, 31.689009578706319 ], [ 9.413513798947065, 31.689010605257469 ], [ 9.413512598859835, 31.688739944660046 ], [ 9.412246448959735, 31.688744042966924 ], [ 9.412247645372624, 31.689014703607416 ], [ 9.411931106938734, 31.68901572623124 ], [ 9.411928715966214, 31.688474404917216 ], [ 9.411612179353396, 31.688475426734083 ], [ 9.411610984809826, 31.688204766049022 ], [ 9.411294449099495, 31.68820578706972 ], [ 9.411295642724504, 31.68847644776551 ], [ 9.41097910607955, 31.688477468011488 ], [ 9.410976720682704, 31.687936146586907 ], [ 9.411293255490548, 31.687935126362373 ], [ 9.411292061897662, 31.687664465643504 ], [ 9.411925129628081, 31.687662422859624 ], [ 9.411923934214212, 31.687391762150678 ], [ 9.412240467136774, 31.687390739591351 ], [ 9.41223807452028, 31.686849418160357 ], [ 9.413820729706337, 31.686844293690207 ], [ 9.413819528829807, 31.686573633011268 ], [ 9.414136058900105, 31.686572605771836 ], [ 9.414137260695119, 31.686843266439983 ], [ 9.414770322624156, 31.686841209583335 ], [ 9.414766711776792, 31.686029227609144 ], [ 9.415083239961604, 31.686028198035189 ], [ 9.415082035459761, 31.685757537364882 ], [ 9.415398562709919, 31.685756507016382 ], [ 9.415397357305851, 31.685485846345358 ], [ 9.415713883621352, 31.685484815222335 ], [ 9.415712677315081, 31.685214154550607 ], [ 9.416029202695928, 31.685213122653071 ], [ 9.416026788295275, 31.684671801296705 ], [ 9.416343311823072, 31.684670768635534 ], [ 9.416342103728727, 31.684400107950896 ], [ 9.417291671459369, 31.684397005288023 ], [ 9.417290460626166, 31.68412634462446 ], [ 9.418240025455049, 31.684123234926361 ], [ 9.418238811883061, 31.683852574283954 ], [ 9.418555332541686, 31.683851536158201 ], [ 9.418554118067682, 31.683580875515172 ], [ 9.418870637791617, 31.683579836615031 ], [ 9.418871853183967, 31.68385049724715 ], [ 9.419188373809893, 31.683849457550785 ], [ 9.419189590136957, 31.68412011816044 ], [ 9.419822633176411, 31.684118036389922 ], [ 9.419828724241199, 31.685471339155622 ], [ 9.419512198137685, 31.685472380488278 ], [ 9.419514632841478, 31.686013701535675 ], [ 9.419198104884707, 31.686014742104845 ], [ 9.419201754307846, 31.686826723622207 ], [ 9.418568692834395, 31.686828802469996 ], [ 9.418569907504525, 31.687099462974547 ], [ 9.418253375824778, 31.687100501231257 ], [ 9.418255803377047, 31.68764182222758 ], [ 9.417939269843943, 31.6876428597207 ], [ 9.417940482726046, 31.687913520212451 ], [ 9.417623948258088, 31.687914556931045 ], [ 9.417625160237966, 31.688185217422163 ], [ 9.417308624835155, 31.688186253366215 ], [ 9.417309835912786, 31.688456913856673 ], [ 9.41699329957512, 31.688457949026176 ], [ 9.416995719942122, 31.688999269994241 ], [ 9.41667918175102, 31.689000304400047 ], [ 9.416680391040353, 31.689270964877636 ], [ 9.416363851914385, 31.689271998508833 ], [ 9.416365060301381, 31.689542658985761 ], [ 9.415731980163461, 31.689544723913436 ], [ 9.415733186729479, 31.689815384400521 ], [ 9.415416645717539, 31.689816415696988 ] ], [ [ 9.416344519933673, 31.684941429308648 ], [ 9.416661044363607, 31.684940395851275 ], [ 9.41665983533461, 31.684669735189033 ], [ 9.416343311823072, 31.684670768635534 ], [ 9.416344519933673, 31.684941429308648 ] ] ] } },
{ "type": "Feature", "properties": { "fid": 3, "DN": 1, "solidity": 1.0, "compactness": 0.78539816339744828, "area_m2": 900.71309034648584, "layer": "Oil Inventory 1988 (LS)", "path": "/Users/jmeloflorez-local/Research/oil-lakes/data/oil_inventory_1988_LS.gpkg", "year": 1988, "date": "1988-01-01" }, "geometry": { "type": "Polygon", "coordinates": [ [ [ 9.191657766570488, 31.709295542625462 ], [ 9.191657209903305, 31.709024877335587 ], [ 9.19197382272179, 31.709024401063271 ], [ 9.191974380308558, 31.70929506634813 ], [ 9.191657766570488, 31.709295542625462 ] ] ] } },
{ "type": "Feature", "properties": { "fid": 4, "DN": 1, "solidity": 0.82496194824961944, "compactness": 0.385410416080957, "area_m2": 244093.14743669904, "layer": "Oil Inventory 1988 (LS)", "path": "/Users/jmeloflorez-local/Research/oil-lakes/data/oil_inventory_1988_LS.gpkg", "year": 1988, "date": "1988-01-01" }, "geometry": { "type": "Polygon", "coordinates": [ [ [ 9.195776587800419, 31.710642615649505 ], [ 9.195776019140368, 31.710371950482905 ], [ 9.194826167140397, 31.710373405318609 ], [ 9.194825601246901, 31.710102740125215 ], [ 9.194508984817967, 31.710103223493036 ], [ 9.194508419851706, 31.709832558283033 ], [ 9.192608726636644, 31.70983544195018 ], [ 9.192608167195646, 31.709564776698379 ], [ 9.192291552552996, 31.709565254553006 ], [ 9.192289877033931, 31.70875325871344 ], [ 9.192606488917821, 31.70875278087389 ], [ 9.192605370103573, 31.70821145026666 ], [ 9.192921980140829, 31.708210971651035 ], [ 9.19292141982546, 31.707940306335189 ], [ 9.193871247133334, 31.707938865786819 ], [ 9.193870684066932, 31.707668200474593 ], [ 9.195453724830749, 31.707665783864066 ], [ 9.195452021884513, 31.706853787934502 ], [ 9.195768627255918, 31.706853302269444 ], [ 9.195768058702972, 31.706582636941661 ], [ 9.196401267583871, 31.706581663263592 ], [ 9.196400126823114, 31.706040332593957 ], [ 9.196716729413147, 31.706039844586098 ], [ 9.196715586844226, 31.705498513880677 ], [ 9.197032187587713, 31.705498025097043 ], [ 9.197031615395371, 31.705227359732206 ], [ 9.198298014614554, 31.705225396758077 ], [ 9.198297438752316, 31.704954731402353 ], [ 9.199247235327192, 31.704953250934167 ], [ 9.199247813947625, 31.705223916274317 ], [ 9.1998810134641, 31.705222925355095 ], [ 9.199881593931142, 31.705493590673331 ], [ 9.200514795255197, 31.705492596599605 ], [ 9.200515377568893, 31.705763261895889 ], [ 9.200198775991355, 31.705763759330988 ], [ 9.200199938803372, 31.706305089899466 ], [ 9.199883335379127, 31.70630558655899 ], [ 9.199885076897411, 31.707117582341006 ], [ 9.199568470706938, 31.70711807823011 ], [ 9.199569629919173, 31.707659408704334 ], [ 9.199253021881894, 31.70765990381777 ], [ 9.199253600580189, 31.707930569042809 ], [ 9.198936991615602, 31.707931063375351 ], [ 9.198937569402148, 31.708201728594073 ], [ 9.198620959510251, 31.708202222145704 ], [ 9.198621536385023, 31.708472887358091 ], [ 9.198304925565818, 31.708473380128801 ], [ 9.198305501528795, 31.708744045334864 ], [ 9.19798888978228, 31.708744537324634 ], [ 9.197990039892323, 31.709285867712552 ], [ 9.197673426298914, 31.709286358926512 ], [ 9.197674000445945, 31.709557024108367 ], [ 9.197357385925214, 31.709557514541341 ], [ 9.197358532403221, 31.710098844880815 ], [ 9.197041916035547, 31.71009933453794 ], [ 9.197042488366487, 31.710369999695551 ], [ 9.196725871071477, 31.710370488571645 ], [ 9.196726442490469, 31.710641153722889 ], [ 9.195776587800419, 31.710642615649505 ] ] ] } },
{ "type": "Feature", "properties": { "fid": 5, "DN": 1, "solidity": 1.0, "compactness": 0.78539816339744828, "area_m2": 900.70126686472213, "layer": "Oil Inventory 1988 (LS)", "path": "/Users/jmeloflorez-local/Research/oil-lakes/data/oil_inventory_1988_LS.gpkg", "year": 1988, "date": "1988-01-01" }, "geometry": { "type": "Polygon", "coordinates": [ [ [ 9.3095923193241, 31.660343852412925 ], [ 9.309591421835304, 31.660073187489079 ], [ 9.309907865680804, 31.660072419449993 ], [ 9.309908764086918, 31.660343084365749 ], [ 9.3095923193241, 31.660343852412925 ] ] ] } },
{ "type": "Feature", "properties": { "fid": 6, "DN": 1, "solidity": 1.0, "compactness": 0.78539816339744828, "area_m2": 900.70122763508698, "layer": "Oil Inventory 1988 (LS)", "path": "/Users/jmeloflorez-local/Research/oil-lakes/data/oil_inventory_1988_LS.gpkg", "year": 1988, "date": "1988-01-01" }, "geometry": { "type": "Polygon", "coordinates": [ [ [ 9.309907865680804, 31.660072419449993 ], [ 9.309906967286782, 31.659801754522718 ], [ 9.310223410202887, 31.659800985707083 ], [ 9.310224309514213, 31.660071650626271 ], [ 9.309907865680804, 31.660072419449993 ] ] ] } },
{ "type": "Feature", "properties": { "fid": 7, "DN": 1, "solidity": 0.73710073710073709, "compactness": 0.25486149163789562, "area_m2": 135107.06967071182, "layer": "Oil Inventory 1990 (LS)", "path": "/Users/jmeloflorez-local/Research/oil-lakes/data/oil_inventory_1990_LS.gpkg", "year": 1990, "date": "1990-01-01" }, "geometry": { "type": "Polygon", "coordinates": [ [ [ 9.180910237306517, 31.718243221861798 ], [ 9.180909711671983, 31.717972556786588 ], [ 9.180276424812426, 31.717973453826826 ], [ 9.180275901024936, 31.717702788730669 ], [ 9.179959258504566, 31.71770323606648 ], [ 9.179958212790662, 31.717161905830242 ], [ 9.181224775470078, 31.717160111806322 ], [ 9.181222142909958, 31.715806786108484 ], [ 9.180905506850314, 31.715807235770413 ], [ 9.180904455715613, 31.715265905401239 ], [ 9.180587821488659, 31.715266354267413 ], [ 9.180586772221954, 31.714725023842767 ], [ 9.180903404609197, 31.714724574986032 ], [ 9.180901302481212, 31.713641914017437 ], [ 9.181217931182111, 31.713641464393305 ], [ 9.181217404748006, 31.713370799127102 ], [ 9.181534032522036, 31.713370348721433 ], [ 9.181533505175238, 31.713099683448437 ], [ 9.182166758862447, 31.71309878028778 ], [ 9.18216622968322, 31.712828115012787 ], [ 9.182799481502427, 31.712827208716618 ], [ 9.182801074580112, 31.713639204478522 ], [ 9.183434331889387, 31.713638295008693 ], [ 9.183432733293053, 31.712826299275452 ], [ 9.18311610740132, 31.712826754389159 ], [ 9.183115575469962, 31.712556089116934 ], [ 9.184065450364399, 31.712554721431449 ], [ 9.184065985055003, 31.7128253866893 ], [ 9.184382610925192, 31.71282492921685 ], [ 9.184383146542752, 31.713095594458377 ], [ 9.1840665197528, 31.713096051935629 ], [ 9.184067054457794, 31.713366717170466 ], [ 9.183750426740874, 31.713367173866267 ], [ 9.183750960533274, 31.713637839094361 ], [ 9.184067589169981, 31.713637382393774 ], [ 9.184069193349707, 31.71444937799464 ], [ 9.184385824738651, 31.71444892049335 ], [ 9.184387431742676, 31.71526091597617 ], [ 9.184070797594186, 31.715261373491881 ], [ 9.18407186712648, 31.715802703765821 ], [ 9.183755231131038, 31.715803160504816 ], [ 9.18375576498808, 31.716073825629312 ], [ 9.183439128065556, 31.716074281586749 ], [ 9.183439661009871, 31.716344946704513 ], [ 9.183123023160267, 31.716345401880393 ], [ 9.183123555191829, 31.716616066991435 ], [ 9.182806916415144, 31.716616521385735 ], [ 9.182807978659861, 31.717157851582822 ], [ 9.18185805676733, 31.717159210076062 ], [ 9.181858585140528, 31.717429875171621 ], [ 9.181225302003355, 31.717430776911346 ], [ 9.18122688164569, 31.718242772157343 ], [ 9.180910237306517, 31.718243221861798 ] ] ] } },
{ "type": "Feature", "properties": { "fid": 8, "DN": 1, "solidity": 0.83720930232558144, "compactness": 0.4673443616910436, "area_m2": 16212.8287533822, "layer": "Oil Inventory 1990 (LS)", "path": "/Users/jmeloflorez-local/Research/oil-lakes/data/oil_inventory_1990_LS.gpkg", "year": 1990, "date": "1990-01-01" }, "geometry": { "type": "Polygon", "coordinates": [ [ [ 9.196724156860627, 31.709558493048856 ], [ 9.196723014091836, 31.709017162642766 ], [ 9.196406401387186, 31.709017650707047 ], [ 9.196405260488278, 31.708476320244635 ], [ 9.196088649615085, 31.708476807512547 ], [ 9.196086941082896, 31.70766481171724 ], [ 9.196720157304393, 31.707663836426057 ], [ 9.196720728646506, 31.707934501692417 ], [ 9.197037337665252, 31.707934012862548 ], [ 9.19703790993459, 31.708204678112278 ], [ 9.197354519865172, 31.708204188491173 ], [ 9.197356812697782, 31.709286849354335 ], [ 9.197040199088935, 31.709287338996024 ], [ 9.197040771396772, 31.709558004188175 ], [ 9.196724156860627, 31.709558493048856 ] ] ] } },
{ "type": "Feature", "properties": { "fid": 9, "DN": 1, "solidity": 1.0, "compactness": 0.78539816339744828, "area_m2": 900.71372999434243, "layer": "Oil Inventory 1990 (LS)", "path": "/Users/jmeloflorez-local/Research/oil-lakes/data/oil_inventory_1990_LS.gpkg", "year": 1990, "date": "1990-01-01" }, "geometry": { "type": "Polygon", "coordinates": [ [ [ 9.183016230018394, 31.661941480909118 ], [ 9.183015699431044, 31.661670813473567 ], [ 9.18333215170982, 31.661670359263184 ], [ 9.183332683214594, 31.661941026693963 ], [ 9.183016230018394, 31.661941480909118 ] ] ] } },
{ "type": "Feature", "properties": { "fid": 10, "DN": 1, "solidity": 1.0, "compactness": 0.78539816339744828, "area_m2": 900.71485917389509, "layer": "Oil Inventory 1990 (LS)", "path": "/Users/jmeloflorez-local/Research/oil-lakes/data/oil_inventory_1990_LS.gpkg", "year": 1990, "date": "1990-01-01" }, "geometry": { "type": "Polygon", "coordinates": [ [ [ 9.166865498448196, 31.655467578161801 ], [ 9.166865014805907, 31.655196910217558 ], [ 9.167181445418514, 31.655196496130877 ], [ 9.167181929977936, 31.655467164070767 ], [ 9.166865498448196, 31.655467578161801 ] ] ] } },
{ "type": "Feature", "properties": { "fid": 11, "DN": 1, "solidity": 1.0, "compactness": 0.78539816339744828, "area_m2": 900.71483800243004, "layer": "Oil Inventory 1990 (LS)", "path": "/Users/jmeloflorez-local/Research/oil-lakes/data/oil_inventory_1990_LS.gpkg", "year": 1990, "date": "1990-01-01" }, "geometry": { "type": "Polygon", "coordinates": [ [ [ 9.167181445418514, 31.655196496130877 ], [ 9.167180960865617, 31.654925828179479 ], [ 9.16749739055458, 31.654925413312668 ], [ 9.167497876024601, 31.6551960812597 ], [ 9.167181445418514, 31.655196496130877 ] ] ] } },
{ "type": "Feature", "properties": { "fid": 12, "DN": 1, "solidity": 0.65116279069767447, "compactness": 0.22439947525641379, "area_m2": 12609.993457374221, "layer": "Oil Inventory 1991 (LS)", "path": "/Users/jmeloflorez-local/Research/oil-lakes/data/oil_inventory_1991_LS.gpkg", "year": 1991, "date": "1991-01-01" }, "geometry": { "type": "Polygon", "coordinates": [ [ [ 9.181857528401242, 31.716888544968995 ], [ 9.181856471690391, 31.716347214720322 ], [ 9.181539833805122, 31.716347665964413 ], [ 9.181538778962514, 31.715806335660211 ], [ 9.181855415007977, 31.715805884425603 ], [ 9.181854358353995, 31.715264554084825 ], [ 9.181537724148294, 31.715265005309959 ], [ 9.181537196751826, 31.714994340117553 ], [ 9.182170463316401, 31.714993436890467 ], [ 9.182172051046331, 31.715805432404647 ], [ 9.182488687077562, 31.715804979597365 ], [ 9.182489747439597, 31.716346309873067 ], [ 9.182806385303504, 31.716345856269903 ], [ 9.182806916415144, 31.716616521385735 ], [ 9.182490277631313, 31.716616974993666 ], [ 9.182490807830163, 31.71688764010273 ], [ 9.181857528401242, 31.716888544968995 ] ], [ [ 9.181856471690391, 31.716347214720322 ], [ 9.182173109568554, 31.716346762689884 ], [ 9.182172580303883, 31.716076097553024 ], [ 9.18185594334563, 31.716076549578716 ], [ 9.181856471690391, 31.716347214720322 ] ] ] } },
{ "type": "Feature", "properties": { "fid": 13, "DN": 1, "solidity": 1.0, "compactness": 0.78539816339744828, "area_m2": 900.71389120514505, "layer": "Oil Inventory 1991 (LS)", "path": "/Users/jmeloflorez-local/Research/oil-lakes/data/oil_inventory_1991_LS.gpkg", "year": 1991, "date": "1991-01-01" }, "geometry": { "type": "Polygon", "coordinates": [ [ [ 9.180903930158868, 31.714995240199386 ], [ 9.180903404609197, 31.714724574986032 ], [ 9.181220036989366, 31.714724125342997 ], [ 9.18122056345889, 31.714994790551632 ], [ 9.180903930158868, 31.714995240199386 ] ] ] } },
{ "type": "Feature", "properties": { "fid": 14, "DN": 1, "solidity": 1.0, "compactness": 0.78539816339744828, "area_m2": 900.71485917389509, "layer": "Oil Inventory 1991 (LS)", "path": "/Users/jmeloflorez-local/Research/oil-lakes/data/oil_inventory_1991_LS.gpkg", "year": 1991, "date": "1991-01-01" }, "geometry": { "type": "Polygon", "coordinates": [ [ [ 9.166865498448196, 31.655467578161801 ], [ 9.166865014805907, 31.655196910217558 ], [ 9.167181445418514, 31.655196496130877 ], [ 9.167181929977936, 31.655467164070767 ], [ 9.166865498448196, 31.655467578161801 ] ] ] } },
{ "type": "Feature", "properties": { "fid": 15, "DN": 1, "solidity": 1.0, "compactness": 0.69813170079773179, "area_m2": 1801.427575883019, "layer": "Oil Inventory 1992 (LS)", "path": "/Users/jmeloflorez-local/Research/oil-lakes/data/oil_inventory_1992_LS.gpkg", "year": 1992, "date": "1992-01-01" }, "geometry": { "type": "Polygon", "coordinates": [ [ [ 9.182173109568554, 31.716346762689884 ], [ 9.182172580303883, 31.716076097553024 ], [ 9.18280585419901, 31.716075191142579 ], [ 9.182806385303504, 31.716345856269903 ], [ 9.182173109568554, 31.716346762689884 ] ] ] } },
{ "type": "Feature", "properties": { "fid": 16, "DN": 1, "solidity": 1.0, "compactness": 0.69813170079773179, "area_m2": 1801.4277825530735, "layer": "Oil Inventory 1992 (LS)", "path": "/Users/jmeloflorez-local/Research/oil-lakes/data/oil_inventory_1992_LS.gpkg", "year": 1992, "date": "1992-01-01" }, "geometry": { "type": "Polygon", "coordinates": [ [ [ 9.180904455715613, 31.715265905401239 ], [ 9.180903404609197, 31.714724574986032 ], [ 9.181220036989366, 31.714724125342997 ], [ 9.181221089935494, 31.715265455748757 ], [ 9.180904455715613, 31.715265905401239 ] ] ] } },
{ "type": "Feature", "properties": { "fid": 17, "DN": 1, "solidity": 1.0, "compactness": 0.78539816339744828, "area_m2": 900.71386834260193, "layer": "Oil Inventory 1992 (LS)", "path": "/Users/jmeloflorez-local/Research/oil-lakes/data/oil_inventory_1992_LS.gpkg", "year": 1992, "date": "1992-01-01" }, "geometry": { "type": "Polygon", "coordinates": [ [ [ 9.181220036989366, 31.714724125342997 ], [ 9.181219510526928, 31.714453460122851 ], [ 9.18153614198018, 31.714453009698236 ], [ 9.181536669362455, 31.714723674913657 ], [ 9.181220036989366, 31.714724125342997 ] ] ] } },
{ "type": "Feature", "properties": { "fid": 18, "DN": 1, "solidity": 1.0, "compactness": 0.78539816339744828, "area_m2": 900.71370691675111, "layer": "Oil Inventory 1992 (LS)", "path": "/Users/jmeloflorez-local/Research/oil-lakes/data/oil_inventory_1992_LS.gpkg", "year": 1992, "date": "1992-01-01" }, "geometry": { "type": "Polygon", "coordinates": [ [ [ 9.18333215170982, 31.661670359263184 ], [ 9.183331620212197, 31.66139969182089 ], [ 9.183648071566406, 31.661399236830597 ], [ 9.183648603981441, 31.661669904268098 ], [ 9.18333215170982, 31.661670359263184 ] ] ] } },
{ "type": "Feature", "properties": { "fid": 19, "DN": 1, "solidity": 0.88888888888888884, "compactness": 0.51291308630037435, "area_m2": 7205.7188994532917, "layer": "Oil Inventory 1992 (LS)", "path": "/Users/jmeloflorez-local/Research/oil-lakes/data/oil_inventory_1992_LS.gpkg", "year": 1992, "date": "1992-01-01" }, "geometry": { "type": "Polygon", "coordinates": [ [ [ 9.166549549643598, 31.655738659405433 ], [ 9.16654713605031, 31.654385319604973 ], [ 9.166863563918099, 31.654384906315823 ], [ 9.16686453117013, 31.654926242261805 ], [ 9.167180960865617, 31.654925828179479 ], [ 9.16718241454388, 31.655737831999154 ], [ 9.166549549643598, 31.655738659405433 ] ] ] } },
{ "type": "Feature", "properties": { "fid": 20, "DN": 1, "solidity": 1.0, "compactness": 0.69813170079773179, "area_m2": 1801.4278282982414, "layer": "Oil Inventory 1993 (LS)", "path": "/Users/jmeloflorez-local/Research/oil-lakes/data/oil_inventory_1993_LS.gpkg", "year": 1993, "date": "1993-01-01" }, "geometry": { "type": "Polygon", "coordinates": [ [ [ 9.180593068245734, 31.717973005699911 ], [ 9.180592018837844, 31.717431675505509 ], [ 9.180908660424135, 31.717431226601626 ], [ 9.180909711671983, 31.717972556786588 ], [ 9.180593068245734, 31.717973005699911 ] ] ] } },
{ "type": "Feature", "properties": { "fid": 21, "DN": 1, "solidity": 0.82634730538922152, "compactness": 0.40977295481605996, "area_m2": 62149.254148486594, "layer": "Oil Inventory 1993 (LS)", "path": "/Users/jmeloflorez-local/Research/oil-lakes/data/oil_inventory_1993_LS.gpkg", "year": 1993, "date": "1993-01-01" }, "geometry": { "type": "Polygon", "coordinates": [ [ [ 9.181541416122252, 31.717159661334374 ], [ 9.181540888676112, 31.716888996222568 ], [ 9.181224248943886, 31.71688944668977 ], [ 9.181223722424779, 31.716618781561724 ], [ 9.181540361237069, 31.716618331099252 ], [ 9.181539833805122, 31.716347665964413 ], [ 9.181223195912754, 31.716348116422154 ], [ 9.181221616419183, 31.715536120934377 ], [ 9.180904981279429, 31.715536570591585 ], [ 9.180901302481212, 31.713641914017437 ], [ 9.181217931182111, 31.713641464393305 ], [ 9.181217404748006, 31.713370799127102 ], [ 9.181534032522036, 31.713370348721433 ], [ 9.181533505175238, 31.713099683448437 ], [ 9.182166758862447, 31.71309878028778 ], [ 9.182168875650556, 31.714181441272679 ], [ 9.182485506162658, 31.71418098849394 ], [ 9.182487096588012, 31.71499298409746 ], [ 9.183120363109825, 31.714992076152473 ], [ 9.183122491135862, 31.716074736757836 ], [ 9.18280585419901, 31.716075191142579 ], [ 9.182806916415144, 31.716616521385735 ], [ 9.182490277631313, 31.716616974993666 ], [ 9.182490807830163, 31.71688764010273 ], [ 9.182174168119262, 31.71688809292905 ], [ 9.182174697405298, 31.717158758031356 ], [ 9.181541416122252, 31.717159661334374 ] ] ] } },
{ "type": "Feature", "properties": { "fid": 22, "DN": 1, "solidity": 1.0, "compactness": 0.78539816339744828, "area_m2": 900.71379942607018, "layer": "Oil Inventory 1993 (LS)", "path": "/Users/jmeloflorez-local/Research/oil-lakes/data/oil_inventory_1993_LS.gpkg", "year": 1993, "date": "1993-01-01" }, "geometry": { "type": "Polygon", "coordinates": [ [ [ 9.182166758862447, 31.71309878028778 ], [ 9.18216622968322, 31.712828115012787 ], [ 9.18248285559639, 31.712827662257826 ], [ 9.182483385695379, 31.713098327528062 ], [ 9.182166758862447, 31.71309878028778 ] ] ] } },
{ "type": "Feature", "properties": { "fid": 23, "DN": 1, "solidity": 0.73684210526315785, "compactness": 0.34361169648638362, "area_m2": 6305.0041193397192, "layer": "Oil Inventory 1993 (LS)", "path": "/Users/jmeloflorez-local/Research/oil-lakes/data/oil_inventory_1993_LS.gpkg", "year": 1993, "date": "1993-01-01" }, "geometry": { "type": "Polygon", "coordinates": [ [ [ 9.166233117183703, 31.655739071931812 ], [ 9.166232635369198, 31.65546840399038 ], [ 9.166549066911946, 31.655467991468342 ], [ 9.166548101468134, 31.654926655559656 ], [ 9.16686453117013, 31.654926242261805 ], [ 9.166864047540859, 31.654655574294559 ], [ 9.167180476319237, 31.654655160216592 ], [ 9.167181445418514, 31.655196496130877 ], [ 9.166865014805907, 31.655196910217558 ], [ 9.166865498448196, 31.655467578161801 ], [ 9.167181929977936, 31.655467164070767 ], [ 9.16718241454388, 31.655737831999154 ], [ 9.166233117183703, 31.655739071931812 ] ] ] } },
{ "type": "Feature", "properties": { "fid": 24, "DN": 1, "solidity": 1.0, "compactness": 0.78539816339744828, "area_m2": 900.71490134327905, "layer": "Oil Inventory 1993 (LS)", "path": "/Users/jmeloflorez-local/Research/oil-lakes/data/oil_inventory_1993_LS.gpkg", "year": 1993, "date": "1993-01-01" }, "geometry": { "type": "Polygon", "coordinates": [ [ [ 9.166231671759641, 31.654927068073018 ], [ 9.166231189964591, 31.654656400097078 ], [ 9.166547618755974, 31.654655987588061 ], [ 9.166548101468134, 31.654926655559656 ], [ 9.166231671759641, 31.654927068073018 ] ] ] } },
{ "type": "Feature", "properties": { "fid": 25, "DN": 1, "solidity": 1.0, "compactness": 0.78539816339744828, "area_m2": 900.71483791005448, "layer": "Oil Inventory 1993 (LS)", "path": "/Users/jmeloflorez-local/Research/oil-lakes/data/oil_inventory_1993_LS.gpkg", "year": 1993, "date": "1993-01-01" }, "geometry": { "type": "Polygon", "coordinates": [ [ [ 9.167180476319237, 31.654655160216592 ], [ 9.167179991779381, 31.654384492242208 ], [ 9.167496419634141, 31.654384077384119 ], [ 9.167496905091093, 31.654654745354136 ], [ 9.167180476319237, 31.654655160216592 ] ] ] } },
{ "type": "Feature", "properties": { "fid": 26, "DN": 1, "solidity": 1.0, "compactness": 0.78539816339744828, "area_m2": 900.71485913221841, "layer": "Oil Inventory 1993 (LS)", "path": "/Users/jmeloflorez-local/Research/oil-lakes/data/oil_inventory_1993_LS.gpkg", "year": 1993, "date": "1993-01-01" }, "geometry": { "type": "Polygon", "coordinates": [ [ [ 9.166863080301848, 31.654114238325576 ], [ 9.166862596692107, 31.653843570323829 ], [ 9.167179022719232, 31.653843156258922 ], [ 9.167179507246045, 31.654113824256306 ], [ 9.166863080301848, 31.654114238325576 ] ] ] } },
{ "type": "Feature", "properties": { "fid": 27, "DN": 1, "solidity": 0.71392405063291142, "compactness": 0.20052719065466765, "area_m2": 127000.64508833463, "layer": "Oil Inventory 1994 (LS)", "path": "/Users/jmeloflorez-local/Research/oil-lakes/data/oil_inventory_1994_LS.gpkg", "year": 1994, "date": "1994-01-01" }, "geometry": { "type": "Polygon", "coordinates": [ [ [ 9.180593592960269, 31.718243670779835 ], [ 9.180593068245734, 31.717973005699911 ], [ 9.179959781372071, 31.717973901167333 ], [ 9.179959258504566, 31.71770323606648 ], [ 9.180275901024936, 31.717702788730669 ], [ 9.180274853471099, 31.717161458503835 ], [ 9.180908134810819, 31.71716056149187 ], [ 9.180907609204576, 31.716889896370599 ], [ 9.181224248943886, 31.71688944668977 ], [ 9.181221616419183, 31.715536120934377 ], [ 9.180904981279429, 31.715536570591585 ], [ 9.180902353531064, 31.714183244524765 ], [ 9.181218984071574, 31.714182794891176 ], [ 9.181217404748006, 31.713370799127102 ], [ 9.181534032522036, 31.713370348721433 ], [ 9.181533505175238, 31.713099683448437 ], [ 9.181850132022396, 31.713099232261246 ], [ 9.181849603762933, 31.712828566981482 ], [ 9.182799481502427, 31.712827208716618 ], [ 9.18279895049082, 31.712556543439607 ], [ 9.18438207531484, 31.712554263963803 ], [ 9.184383146542752, 31.713095594458377 ], [ 9.1840665197528, 31.713096051935629 ], [ 9.184067054457794, 31.713366717170466 ], [ 9.183750426740874, 31.713367173866267 ], [ 9.183752561953566, 31.714449834709626 ], [ 9.184385824738651, 31.71444892049335 ], [ 9.184387431742676, 31.71526091597617 ], [ 9.184070797594186, 31.715261373491881 ], [ 9.18407186712648, 31.715802703765821 ], [ 9.183755231131038, 31.715803160504816 ], [ 9.18375576498808, 31.716073825629312 ], [ 9.183439128065556, 31.716074281586749 ], [ 9.183439661009871, 31.716344946704513 ], [ 9.183123023160267, 31.716345401880393 ], [ 9.183123555191829, 31.716616066991435 ], [ 9.182806916415144, 31.716616521385735 ], [ 9.182807978659861, 31.717157851582822 ], [ 9.181541416122252, 31.717159661334374 ], [ 9.181541943575489, 31.717430326434673 ], [ 9.181225302003355, 31.717430776911346 ], [ 9.181226355091161, 31.717972107086862 ], [ 9.180909711671983, 31.717972556786588 ], [ 9.180910237306517, 31.718243221861798 ], [ 9.180593592960269, 31.718243670779835 ] ], [ [ 9.182172580303883, 31.716076097553024 ], [ 9.183122491135862, 31.716074736757836 ], [ 9.183121959118617, 31.715804071623769 ], [ 9.182172051046331, 31.715805432404647 ], [ 9.182172580303883, 31.716076097553024 ] ], [ [ 9.182801074580112, 31.713639204478522 ], [ 9.183434331889387, 31.713638295008693 ], [ 9.183432733293053, 31.712826299275452 ], [ 9.182799481502427, 31.712827208716618 ], [ 9.182801074580112, 31.713639204478522 ] ] ] } },
{ "type": "Feature", "properties": { "fid": 28, "DN": 1, "solidity": 0.83720930232558144, "compactness": 0.44178646691106466, "area_m2": 32425.734456717415, "layer": "Oil Inventory 1994 (LS)", "path": "/Users/jmeloflorez-local/Research/oil-lakes/data/oil_inventory_1994_LS.gpkg", "year": 1994, "date": "1994-01-01" }, "geometry": { "type": "Polygon", "coordinates": [ [ [ 9.166550032381746, 31.656009327331027 ], [ 9.166549549643598, 31.655738659405433 ], [ 9.166233117183703, 31.655739071931812 ], [ 9.166231671759641, 31.654927068073018 ], [ 9.166548101468134, 31.654926655559656 ], [ 9.16654713605031, 31.654385319604973 ], [ 9.166863563918099, 31.654384906315823 ], [ 9.166862596692107, 31.653843570323829 ], [ 9.167495448739835, 31.653842741409566 ], [ 9.167494963302483, 31.653572073405037 ], [ 9.167811388399494, 31.653571657775604 ], [ 9.167811874753905, 31.653842325775752 ], [ 9.168128300761431, 31.653841909357496 ], [ 9.168129762615191, 31.654653913275812 ], [ 9.167813333856415, 31.65465432970721 ], [ 9.16781382023701, 31.654924997661375 ], [ 9.168130249912895, 31.654924581225593 ], [ 9.168130737217158, 31.655195249163871 ], [ 9.167814306624152, 31.655195665604033 ], [ 9.16781479301784, 31.655466333535191 ], [ 9.167498361501156, 31.65546674919522 ], [ 9.167499332473867, 31.656008085031779 ], [ 9.166550032381746, 31.656009327331027 ] ] ] } },
{ "type": "Feature", "properties": { "fid": 29, "DN": 1, "solidity": 0.76470588235294112, "compactness": 0.40840704496667313, "area_m2": 11709.270257711411, "layer": "Oil Inventory 1994 (LS)", "path": "/Users/jmeloflorez-local/Research/oil-lakes/data/oil_inventory_1994_LS.gpkg", "year": 1994, "date": "1994-01-01" }, "geometry": { "type": "Polygon", "coordinates": [ [ [ 9.191492210810484, 31.628636777028593 ], [ 9.191491101939651, 31.628095439580846 ], [ 9.191174763515722, 31.62809591357437 ], [ 9.191173656506493, 31.627554576070654 ], [ 9.190857319906861, 31.627555049270558 ], [ 9.190856767329281, 31.627284380496477 ], [ 9.191173103013053, 31.627283907301553 ], [ 9.191172549527064, 31.627013238520966 ], [ 9.191488884287544, 31.627012764547391 ], [ 9.191489438689375, 31.627283433322997 ], [ 9.191805774358237, 31.627282958560805 ], [ 9.191806329683388, 31.627553627319919 ], [ 9.19212266626063, 31.627553151769078 ], [ 9.192124335028581, 31.628365157962442 ], [ 9.191807995703696, 31.628365633528297 ], [ 9.191808551058749, 31.628636302241411 ], [ 9.191492210810484, 31.628636777028593 ] ] ] } },
{ "type": "Feature", "properties": { "fid": 30, "DN": 1, "solidity": 0.79379157427937919, "compactness": 0.27770127653954224, "area_m2": 161227.69302487068, "layer": "Oil Inventory 1995 (LS)", "path": "/Users/jmeloflorez-local/Research/oil-lakes/data/oil_inventory_1995_LS.gpkg", "year": 1995, "date": "1995-01-01" }, "geometry": { "type": "Polygon", "coordinates": [ [ [ 9.186044147467651, 31.752068966362209 ], [ 9.186043606203722, 31.751798302803188 ], [ 9.185726847796596, 31.751798764905299 ], [ 9.185725767133629, 31.751257437743003 ], [ 9.185409010562289, 31.751257899047996 ], [ 9.185408471163216, 31.750987235444732 ], [ 9.186675493718885, 31.750985385519694 ], [ 9.186673864507409, 31.750173394699036 ], [ 9.186990617363646, 31.750172930263876 ], [ 9.186990073386307, 31.749902266638834 ], [ 9.186673321451527, 31.749902731069117 ], [ 9.186671692327714, 31.749090740110219 ], [ 9.186354943149928, 31.749091203738526 ], [ 9.186353858946713, 31.748549876365249 ], [ 9.186670606281695, 31.748549412746691 ], [ 9.18666789129448, 31.747196094136282 ], [ 9.186984634015365, 31.747195629754764 ], [ 9.186984090118514, 31.746924966003 ], [ 9.187617573695679, 31.746924034887858 ], [ 9.187617027963528, 31.746653371134339 ], [ 9.188250509668709, 31.746652436879849 ], [ 9.188249962101306, 31.746381773124632 ], [ 9.18983366162866, 31.746379423735654 ], [ 9.189834213802541, 31.746650087466197 ], [ 9.190150954607073, 31.746649615221628 ], [ 9.190151507709691, 31.746920278935697 ], [ 9.190468249428092, 31.746919805898877 ], [ 9.190468803459471, 31.74719046959645 ], [ 9.190785546091737, 31.747189995767368 ], [ 9.190786656019533, 31.747731323118014 ], [ 9.190469911544589, 31.747731796957051 ], [ 9.190471573728164, 31.74854378791154 ], [ 9.190154826481658, 31.748544260978164 ], [ 9.190156485968094, 31.749356251843885 ], [ 9.189839735949924, 31.749356724138043 ], [ 9.18984028820552, 31.749627387741878 ], [ 9.18952353725849, 31.749627859253625 ], [ 9.18952408860007, 31.749898522850877 ], [ 9.189207336724177, 31.749898993580203 ], [ 9.189207887151717, 31.750169657170883 ], [ 9.188891134346965, 31.750170127117759 ], [ 9.18889168386044, 31.750440790701855 ], [ 9.188574930126826, 31.750441259866278 ], [ 9.188575478726211, 31.750711923443777 ], [ 9.188258724063735, 31.750712391825701 ], [ 9.188259271749006, 31.750983055396613 ], [ 9.187625760558973, 31.750983989808081 ], [ 9.187626306408598, 31.751254653377263 ], [ 9.18699279334618, 31.751255584648867 ], [ 9.186993881381355, 31.751796911772242 ], [ 9.186677122996112, 31.75179737623667 ], [ 9.186677666103133, 31.752068039785954 ], [ 9.186044147467651, 31.752068966362209 ] ], [ [ 9.189835870368757, 31.747462078588708 ], [ 9.190152613937251, 31.74746160632926 ], [ 9.19015206081975, 31.747190942638234 ], [ 9.189835318172591, 31.747191414892718 ], [ 9.189835870368757, 31.747462078588708 ] ], [ [ 9.188568347509792, 31.747193296037707 ], [ 9.188885090186591, 31.74719282693242 ], [ 9.188883991344428, 31.746651499476222 ], [ 9.188567250510259, 31.746651968571669 ], [ 9.188568347509792, 31.747193296037707 ] ] ] } },
{ "type": "Feature", "properties": { "fid": 31, "DN": 1, "solidity": 0.90109890109890112, "compactness": 0.57246799465414011, "area_m2": 36929.292943530891, "layer": "Oil Inventory 1995 (LS)", "path": "/Users/jmeloflorez-local/Research/oil-lakes/data/oil_inventory_1995_LS.gpkg", "year": 1995, "date": "1995-01-01" }, "geometry": { "type": "Polygon", "coordinates": [ [ [ 9.172308290860194, 31.68983515780582 ], [ 9.172307790772662, 31.68956449139765 ], [ 9.171991243691279, 31.689564918606333 ], [ 9.171989247083124, 31.688482252840647 ], [ 9.172305790489823, 31.688481825649934 ], [ 9.172304790388779, 31.687940492707046 ], [ 9.172621331951484, 31.68794006473982 ], [ 9.172620830992441, 31.687669398255611 ], [ 9.172937371629789, 31.687668969507406 ], [ 9.172936869758887, 31.687398303016202 ], [ 9.173886488874558, 31.687397012072253 ], [ 9.173889516736676, 31.689021010765483 ], [ 9.173572971526429, 31.689021441892791 ], [ 9.173573475275209, 31.689292108305928 ], [ 9.173256929139507, 31.689292538652232 ], [ 9.173257934820011, 31.689833871453029 ], [ 9.172308290860194, 31.68983515780582 ] ] ] } },
{ "type": "Feature", "properties": { "fid": 32, "DN": 1, "solidity": 0.82101167315175094, "compactness": 0.3273461974851587, "area_m2": 190050.60506348137, "layer": "Oil Inventory 1996 (LS)", "path": "/Users/jmeloflorez-local/Research/oil-lakes/data/oil_inventory_1996_LS.gpkg", "year": 1996, "date": "1996-01-01" }, "geometry": { "type": "Polygon", "coordinates": [ [ [ 9.17996030424661, 31.718244566256676 ], [ 9.179957689944263, 31.716891240694853 ], [ 9.180907609204576, 31.716889896370599 ], [ 9.180904455715613, 31.715265905401239 ], [ 9.180587821488659, 31.715266354267413 ], [ 9.180586772221954, 31.714725023842767 ], [ 9.180903404609197, 31.714724574986032 ], [ 9.180901302481212, 31.713641914017437 ], [ 9.181217931182111, 31.713641464393305 ], [ 9.181217404748006, 31.713370799127102 ], [ 9.181534032522036, 31.713370348721433 ], [ 9.181533505175238, 31.713099683448437 ], [ 9.182166758862447, 31.71309878028778 ], [ 9.18216622968322, 31.712828115012787 ], [ 9.18311610740132, 31.712826754389159 ], [ 9.183115575469962, 31.712556089116934 ], [ 9.184065450364399, 31.712554721431449 ], [ 9.184065985055003, 31.7128253866893 ], [ 9.184382610925192, 31.71282492921685 ], [ 9.184383146542752, 31.713095594458377 ], [ 9.184699773325496, 31.713095136194866 ], [ 9.184700309870037, 31.713365801420078 ], [ 9.185650192934228, 31.713364421897506 ], [ 9.185649114333762, 31.712823091464575 ], [ 9.185965740167793, 31.712822630060881 ], [ 9.185966820607794, 31.71336396048412 ], [ 9.186283448274093, 31.713363498284469 ], [ 9.186283989424783, 31.713634163473952 ], [ 9.185967360838697, 31.713634625678466 ], [ 9.185968441322311, 31.714175956032619 ], [ 9.185651810889349, 31.714176417460553 ], [ 9.185652350222234, 31.714447082625213 ], [ 9.185019087494908, 31.714448003131864 ], [ 9.18501962499538, 31.714718668294694 ], [ 9.184702992701025, 31.714719127373407 ], [ 9.184703529288882, 31.714989792529515 ], [ 9.185020162503085, 31.714989333445988 ], [ 9.18502070001802, 31.71525999858579 ], [ 9.184704065883958, 31.715260457674145 ], [ 9.184704602486251, 31.715531122807235 ], [ 9.184387967425097, 31.715531581114089 ], [ 9.184388503114727, 31.7158022462405 ], [ 9.18407186712648, 31.715802703765821 ], [ 9.184072401903421, 31.716073368885521 ], [ 9.18375576498808, 31.716073825629312 ], [ 9.183756298852304, 31.716344490742287 ], [ 9.183439661009871, 31.716344946704513 ], [ 9.183440193961356, 31.716615611810777 ], [ 9.183123555191829, 31.716616066991435 ], [ 9.183124087230549, 31.716886732090963 ], [ 9.18280744753393, 31.716887186490034 ], [ 9.182807978659861, 31.717157851582822 ], [ 9.182174697405298, 31.717158758031356 ], [ 9.182175226698456, 31.717429423122169 ], [ 9.181541943575489, 31.717430326434673 ], [ 9.181542471035822, 31.717700991523451 ], [ 9.181225828543717, 31.717701442004856 ], [ 9.18122688164569, 31.718242772157343 ], [ 9.17996030424661, 31.718244566256676 ] ] ] } },
{ "type": "Feature", "properties": { "fid": 33, "DN": 1, "solidity": 1.0, "compactness": 0.78539816339744828, "area_m2": 900.71356710157124, "layer": "Oil Inventory 1996 (LS)", "path": "/Users/jmeloflorez-local/Research/oil-lakes/data/oil_inventory_1996_LS.gpkg", "year": 1996, "date": "1996-01-01" }, "geometry": { "type": "Polygon", "coordinates": [ [ [ 9.185332488492472, 31.712823552082014 ], [ 9.185331950122873, 31.712552886843447 ], [ 9.185648575044413, 31.712552426230836 ], [ 9.185649114333762, 31.712823091464575 ], [ 9.185332488492472, 31.712823552082014 ] ] ] } },
{ "type": "Feature", "properties": { "fid": 34, "DN": 1, "solidity": 1.0, "compactness": 0.78539816339744828, "area_m2": 900.71359055791982, "layer": "Oil Inventory 1996 (LS)", "path": "/Users/jmeloflorez-local/Research/oil-lakes/data/oil_inventory_1996_LS.gpkg", "year": 1996, "date": "1996-01-01" }, "geometry": { "type": "Polygon", "coordinates": [ [ [ 9.185015325194088, 31.712553346669804 ], [ 9.185014787751468, 31.71228268141488 ], [ 9.185331411760517, 31.712282221593352 ], [ 9.185331950122873, 31.712552886843447 ], [ 9.185015325194088, 31.712553346669804 ] ] ] } },
{ "type": "Feature", "properties": { "fid": 35, "DN": 1, "solidity": 1.0, "compactness": 0.78539816339744828, "area_m2": 900.71375330816954, "layer": "Oil Inventory 1996 (LS)", "path": "/Users/jmeloflorez-local/Research/oil-lakes/data/oil_inventory_1996_LS.gpkg", "year": 1996, "date": "1996-01-01" }, "geometry": { "type": "Polygon", "coordinates": [ [ [ 9.182700306492105, 31.662212601768424 ], [ 9.182699776815053, 31.661941934339591 ], [ 9.183016230018394, 31.661941480909118 ], [ 9.183016760612883, 31.662212148333186 ], [ 9.182700306492105, 31.662212601768424 ] ] ] } },
{ "type": "Feature", "properties": { "fid": 36, "DN": 1, "solidity": 1.0, "compactness": 0.78539816339744828, "area_m2": 3602.8548741469858, "layer": "Oil Inventory 1996 (LS)", "path": "/Users/jmeloflorez-local/Research/oil-lakes/data/oil_inventory_1996_LS.gpkg", "year": 1996, "date": "1996-01-01" }, "geometry": { "type": "Polygon", "coordinates": [ [ [ 9.183016230018394, 31.661941480909118 ], [ 9.183015168850835, 31.661400146026494 ], [ 9.183648071566406, 31.661399236830597 ], [ 9.183649136403641, 31.661940571694107 ], [ 9.183016230018394, 31.661941480909118 ] ] ] } },
{ "type": "Feature", "properties": { "fid": 37, "DN": 1, "solidity": 0.8571428571428571, "compactness": 0.58904862254808621, "area_m2": 2702.1441576801299, "layer": "Oil Inventory 1996 (LS)", "path": "/Users/jmeloflorez-local/Research/oil-lakes/data/oil_inventory_1996_LS.gpkg", "year": 1996, "date": "1996-01-01" }, "geometry": { "type": "Polygon", "coordinates": [ [ [ 9.169080519018994, 31.655464663050012 ], [ 9.169080028956772, 31.655193995136436 ], [ 9.168763598383482, 31.655194413930065 ], [ 9.168763109244976, 31.654923746000573 ], [ 9.169395968550724, 31.654922907637619 ], [ 9.169396950502824, 31.655464243467467 ], [ 9.169080519018994, 31.655464663050012 ] ] ] } },
{ "type": "Feature", "properties": { "fid": 38, "DN": 1, "solidity": 1.0, "compactness": 0.78539816339744828, "area_m2": 900.71468883357011, "layer": "Oil Inventory 1996 (LS)", "path": "/Users/jmeloflorez-local/Research/oil-lakes/data/oil_inventory_1996_LS.gpkg", "year": 1996, "date": "1996-01-01" }, "geometry": { "type": "Polygon", "coordinates": [ [ [ 9.169394495672135, 31.654110903806597 ], [ 9.169394004725822, 31.65384023583994 ], [ 9.16971043070043, 31.653839815499417 ], [ 9.169710922563816, 31.654110483461665 ], [ 9.169394495672135, 31.654110903806597 ] ] ] } },
{ "type": "Feature", "properties": { "fid": 39, "DN": 1, "solidity": 0.83168316831683164, "compactness": 0.45656363823796303, "area_m2": 37830.023261648661, "layer": "Oil Inventory 1996 (LS)", "path": "/Users/jmeloflorez-local/Research/oil-lakes/data/oil_inventory_1996_LS.gpkg", "year": 1996, "date": "1996-01-01" }, "geometry": { "type": "Polygon", "coordinates": [ [ [ 9.167183383695331, 31.656279167821438 ], [ 9.167182899116344, 31.656008499916034 ], [ 9.166550032381746, 31.656009327331027 ], [ 9.166549549643598, 31.655738659405433 ], [ 9.166233117183703, 31.655739071931812 ], [ 9.166231671759641, 31.654927068073018 ], [ 9.166548101468134, 31.654926655559656 ], [ 9.16654713605031, 31.654385319604973 ], [ 9.166863563918099, 31.654384906315823 ], [ 9.166862596692107, 31.653843570323829 ], [ 9.167495448739835, 31.653842741409566 ], [ 9.167494963302483, 31.653572073405037 ], [ 9.16812781348996, 31.653571241361725 ], [ 9.168128300761431, 31.653841909357496 ], [ 9.168444726762395, 31.653841492154783 ], [ 9.168445703159168, 31.654382828103053 ], [ 9.168129275324045, 31.654383245314541 ], [ 9.168130737217158, 31.655195249163871 ], [ 9.167814306624152, 31.655195665604033 ], [ 9.167815279418075, 31.655737001454845 ], [ 9.167498846984245, 31.655737417119248 ], [ 9.167499817970024, 31.656278752932803 ], [ 9.167183383695331, 31.656279167821438 ] ] ] } },
{ "type": "Feature", "properties": { "fid": 40, "DN": 1, "solidity": 0.81188118811881194, "compactness": 0.285810574254101, "area_m2": 221575.58613086917, "layer": "Oil Inventory 1997 (LS)", "path": "/Users/jmeloflorez-local/Research/oil-lakes/data/oil_inventory_1997_LS.gpkg", "year": 1997, "date": "1997-01-01" }, "geometry": { "type": "Polygon", "coordinates": [ [ [ 9.179644181840784, 31.718515677897983 ], [ 9.179640528257313, 31.716621022078606 ], [ 9.179957167104899, 31.716620575547953 ], [ 9.179957689944263, 31.716891240694853 ], [ 9.180590969458192, 31.716890345265053 ], [ 9.180590444778957, 31.716619680127561 ], [ 9.180907083605403, 31.716619231237829 ], [ 9.180904455715613, 31.715265905401239 ], [ 9.180587821488659, 31.715266354267413 ], [ 9.180586247599187, 31.714454358613168 ], [ 9.180902879066593, 31.714453909761154 ], [ 9.180901302481212, 31.713641914017437 ], [ 9.181217931182111, 31.713641464393305 ], [ 9.181217404748006, 31.713370799127102 ], [ 9.181534032522036, 31.713370348721433 ], [ 9.181533505175238, 31.713099683448437 ], [ 9.181850132022396, 31.713099232261246 ], [ 9.181849603762933, 31.712828566981482 ], [ 9.182799481502427, 31.712827208716618 ], [ 9.18279895049082, 31.712556543439607 ], [ 9.18438207531484, 31.712554263963803 ], [ 9.184382610925192, 31.71282492921685 ], [ 9.184699236788177, 31.712824470958157 ], [ 9.184700309870037, 31.713365801420078 ], [ 9.185333565253403, 31.713364882524626 ], [ 9.185331950122873, 31.712552886843447 ], [ 9.184698700258075, 31.712553805709923 ], [ 9.18469816373519, 31.712283140450179 ], [ 9.185648035762318, 31.712281760985586 ], [ 9.185648575044413, 31.712552426230836 ], [ 9.186598449765448, 31.712551039675592 ], [ 9.186598991814042, 31.712821704894765 ], [ 9.186282365994559, 31.712822167870943 ], [ 9.186284530582753, 31.713904828651931 ], [ 9.18596790107687, 31.713905290861302 ], [ 9.185968441322311, 31.714175956032619 ], [ 9.185651810889349, 31.714176417460553 ], [ 9.185652350222234, 31.714447082625213 ], [ 9.185335718862193, 31.714447543271692 ], [ 9.185336795710052, 31.714988873576139 ], [ 9.185020162503085, 31.714989333445988 ], [ 9.18502070001802, 31.71525999858579 ], [ 9.184704065883958, 31.715260457674145 ], [ 9.184705139095767, 31.715801787928836 ], [ 9.18407186712648, 31.715802703765821 ], [ 9.184072401903421, 31.716073368885521 ], [ 9.183439128065556, 31.716074281586749 ], [ 9.183440193961356, 31.716615611810777 ], [ 9.183123555191829, 31.716616066991435 ], [ 9.183124087230549, 31.716886732090963 ], [ 9.18280744753393, 31.716887186490034 ], [ 9.182807978659861, 31.717157851582822 ], [ 9.182491338036147, 31.717158305200289 ], [ 9.182491868249263, 31.717428970286342 ], [ 9.181858585140528, 31.717429875171621 ], [ 9.181859113520833, 31.717700540255652 ], [ 9.181542471035822, 31.717700991523451 ], [ 9.181542998503254, 31.717971656600728 ], [ 9.181226355091161, 31.717972107086862 ], [ 9.181227408207304, 31.718513437216327 ], [ 9.179644181840784, 31.718515677897983 ] ] ] } },
{ "type": "Feature", "properties": { "fid": 41, "DN": 1, "solidity": 1.0, "compactness": 0.78539816339744828, "area_m2": 900.71375330816954, "layer": "Oil Inventory 1997 (LS)", "path": "/Users/jmeloflorez-local/Research/oil-lakes/data/oil_inventory_1997_LS.gpkg", "year": 1997, "date": "1997-01-01" }, "geometry": { "type": "Polygon", "coordinates": [ [ [ 9.182700306492105, 31.662212601768424 ], [ 9.182699776815053, 31.661941934339591 ], [ 9.183016230018394, 31.661941480909118 ], [ 9.183016760612883, 31.662212148333186 ], [ 9.182700306492105, 31.662212601768424 ] ] ] } },
{ "type": "Feature", "properties": { "fid": 42, "DN": 1, "solidity": 1.0, "compactness": 0.78539816339744828, "area_m2": 900.71372999434243, "layer": "Oil Inventory 1997 (LS)", "path": "/Users/jmeloflorez-local/Research/oil-lakes/data/oil_inventory_1997_LS.gpkg", "year": 1997, "date": "1997-01-01" }, "geometry": { "type": "Polygon", "coordinates": [ [ [ 9.183016230018394, 31.661941480909118 ], [ 9.183015699431044, 31.661670813473567 ], [ 9.18333215170982, 31.661670359263184 ], [ 9.183332683214594, 31.661941026693963 ], [ 9.183016230018394, 31.661941480909118 ] ] ] } },
{ "type": "Feature", "properties": { "fid": 43, "DN": 1, "solidity": 1.0, "compactness": 0.78539816339744828, "area_m2": 900.71370691675111, "layer": "Oil Inventory 1997 (LS)", "path": "/Users/jmeloflorez-local/Research/oil-lakes/data/oil_inventory_1997_LS.gpkg", "year": 1997, "date": "1997-01-01" }, "geometry": { "type": "Polygon", "coordinates": [ [ [ 9.18333215170982, 31.661670359263184 ], [ 9.183331620212197, 31.66139969182089 ], [ 9.183648071566406, 31.661399236830597 ], [ 9.183648603981441, 31.661669904268098 ], [ 9.18333215170982, 31.661670359263184 ] ] ] } },
{ "type": "Feature", "properties": { "fid": 44, "DN": 1, "solidity": 0.8571428571428571, "compactness": 0.58904862254808621, "area_m2": 2702.1441576801299, "layer": "Oil Inventory 1997 (LS)", "path": "/Users/jmeloflorez-local/Research/oil-lakes/data/oil_inventory_1997_LS.gpkg", "year": 1997, "date": "1997-01-01" }, "geometry": { "type": "Polygon", "coordinates": [ [ [ 9.169080519018994, 31.655464663050012 ], [ 9.169080028956772, 31.655193995136436 ], [ 9.168763598383482, 31.655194413930065 ], [ 9.168763109244976, 31.654923746000573 ], [ 9.169395968550724, 31.654922907637619 ], [ 9.169396950502824, 31.655464243467467 ], [ 9.169080519018994, 31.655464663050012 ] ] ] } },
{ "type": "Feature", "properties": { "fid": 45, "DN": 1, "solidity": 1.0, "compactness": 0.78539816339744828, "area_m2": 900.71468883357011, "layer": "Oil Inventory 1997 (LS)", "path": "/Users/jmeloflorez-local/Research/oil-lakes/data/oil_inventory_1997_LS.gpkg", "year": 1997, "date": "1997-01-01" }, "geometry": { "type": "Polygon", "coordinates": [ [ [ 9.169394495672135, 31.654110903806597 ], [ 9.169394004725822, 31.65384023583994 ], [ 9.16971043070043, 31.653839815499417 ], [ 9.169710922563816, 31.654110483461665 ], [ 9.169394495672135, 31.654110903806597 ] ] ] } },
{ "type": "Feature", "properties": { "fid": 46, "DN": 1, "solidity": 0.81904761904761902, "compactness": 0.46743420105315264, "area_m2": 38730.738258499478, "layer": "Oil Inventory 1997 (LS)", "path": "/Users/jmeloflorez-local/Research/oil-lakes/data/oil_inventory_1997_LS.gpkg", "year": 1997, "date": "1997-01-01" }, "geometry": { "type": "Polygon", "coordinates": [ [ [ 9.167183383695331, 31.656279167821438 ], [ 9.167182899116344, 31.656008499916034 ], [ 9.166233599004695, 31.656009739861748 ], [ 9.166231671759641, 31.654927068073018 ], [ 9.166548101468134, 31.654926655559656 ], [ 9.166546653351142, 31.654114651610371 ], [ 9.166863080301848, 31.654114238325576 ], [ 9.166862596692107, 31.653843570323829 ], [ 9.167179022719232, 31.653843156258922 ], [ 9.167178538198939, 31.653572488250035 ], [ 9.16812781348996, 31.653571241361725 ], [ 9.168128788039459, 31.654112577341763 ], [ 9.168445214957497, 31.654112160134666 ], [ 9.168445703159168, 31.654382828103053 ], [ 9.168129275324045, 31.654383245314541 ], [ 9.168130737217158, 31.655195249163871 ], [ 9.167814306624152, 31.655195665604033 ], [ 9.16781479301784, 31.655466333535191 ], [ 9.167498361501156, 31.65546674919522 ], [ 9.167499817970024, 31.656278752932803 ], [ 9.167183383695331, 31.656279167821438 ] ] ] } },
{ "type": "Feature", "properties": { "fid": 47, "DN": 1, "solidity": 0.83400809716599189, "compactness": 0.35000978184937659, "area_m2": 185547.0391864079, "layer": "Oil Inventory 1998 (LS)", "path": "/Users/jmeloflorez-local/Research/oil-lakes/data/oil_inventory_1998_LS.gpkg", "year": 1998, "date": "1998-01-01" }, "geometry": { "type": "Polygon", "coordinates": [ [ [ 9.180277996217177, 31.718785449046202 ], [ 9.180277472408546, 31.718514783984588 ], [ 9.179960827128182, 31.7185152313345 ], [ 9.179959781372071, 31.717973901167333 ], [ 9.179326494470265, 31.717974793489141 ], [ 9.179325973442733, 31.717704128378916 ], [ 9.179642615977162, 31.717703682615895 ], [ 9.179640528257313, 31.716621022078606 ], [ 9.180590444778957, 31.716619680127561 ], [ 9.180585722983482, 31.71418369337206 ], [ 9.180902353531064, 31.714183244524765 ], [ 9.180901828002602, 31.713912579276858 ], [ 9.182168346442849, 31.713910776043722 ], [ 9.182167817242261, 31.713640110803251 ], [ 9.183750960533274, 31.713637839094361 ], [ 9.183750426740874, 31.713367173866267 ], [ 9.185650192934228, 31.713364421897506 ], [ 9.185649653630367, 31.713093756686785 ], [ 9.186282907130686, 31.713092833083461 ], [ 9.186284530582753, 31.713904828651931 ], [ 9.18596790107687, 31.713905290861302 ], [ 9.185968441322311, 31.714175956032619 ], [ 9.185651810889349, 31.714176417460553 ], [ 9.185652350222234, 31.714447082625213 ], [ 9.185335718862193, 31.714447543271692 ], [ 9.185336795710052, 31.714988873576139 ], [ 9.185020162503085, 31.714989333445988 ], [ 9.18502070001802, 31.71525999858579 ], [ 9.184704065883958, 31.715260457674145 ], [ 9.184704602486251, 31.715531122807235 ], [ 9.184387967425097, 31.715531581114089 ], [ 9.184388503114727, 31.7158022462405 ], [ 9.18407186712648, 31.715802703765821 ], [ 9.184072401903421, 31.716073368885521 ], [ 9.18375576498808, 31.716073825629312 ], [ 9.183756298852304, 31.716344490742287 ], [ 9.183439661009871, 31.716344946704513 ], [ 9.183440193961356, 31.716615611810777 ], [ 9.182806916415144, 31.716616521385735 ], [ 9.182807978659861, 31.717157851582822 ], [ 9.182491338036147, 31.717158305200289 ], [ 9.182491868249263, 31.717428970286342 ], [ 9.181858585140528, 31.717429875171621 ], [ 9.181859113520833, 31.717700540255652 ], [ 9.181542471035822, 31.717700991523451 ], [ 9.181542998503254, 31.717971656600728 ], [ 9.181226355091161, 31.717972107086862 ], [ 9.18122688164569, 31.718242772157343 ], [ 9.180910237306517, 31.718243221861798 ], [ 9.180911288596796, 31.718784551977677 ], [ 9.180277996217177, 31.718785449046202 ] ] ] } },
{ "type": "Feature", "properties": { "fid": 48, "DN": 1, "solidity": 0.62857142857142856, "compactness": 0.23998277214922031, "area_m2": 9907.8510077026731, "layer": "Oil Inventory 1998 (LS)", "path": "/Users/jmeloflorez-local/Research/oil-lakes/data/oil_inventory_1998_LS.gpkg", "year": 1998, "date": "1998-01-01" }, "geometry": { "type": "Polygon", "coordinates": [ [ [ 9.181850132022396, 31.713099232261246 ], [ 9.181849603762933, 31.712828566981482 ], [ 9.182799481502427, 31.712827208716618 ], [ 9.18279895049082, 31.712556543439607 ], [ 9.183748825406765, 31.712555178112851 ], [ 9.183748291643091, 31.712284512838689 ], [ 9.18406491568099, 31.712284056162087 ], [ 9.184065450364399, 31.712554721431449 ], [ 9.184698700258075, 31.712553805709923 ], [ 9.184699236788177, 31.712824470958157 ], [ 9.18311610740132, 31.712826754389159 ], [ 9.183116639339831, 31.713097419649859 ], [ 9.181850132022396, 31.713099232261246 ] ] ] } },
{ "type": "Feature", "properties": { "fid": 49, "DN": 1, "solidity": 1.0, "compactness": 0.43633231299858238, "area_m2": 4503.5678354051488, "layer": "Oil Inventory 1998 (LS)", "path": "/Users/jmeloflorez-local/Research/oil-lakes/data/oil_inventory_1998_LS.gpkg", "year": 1998, "date": "1998-01-01" }, "geometry": { "type": "Polygon", "coordinates": [ [ [ 9.184698700258075, 31.712553805709923 ], [ 9.18469816373519, 31.712283140450179 ], [ 9.186281283744146, 31.712280837411374 ], [ 9.186281824865713, 31.712551502646914 ], [ 9.184698700258075, 31.712553805709923 ] ] ] } },
{ "type": "Feature", "properties": { "fid": 50, "DN": 1, "solidity": 1.0, "compactness": 0.69813170079773179, "area_m2": 1801.4274833656091, "layer": "Oil Inventory 1998 (LS)", "path": "/Users/jmeloflorez-local/Research/oil-lakes/data/oil_inventory_1998_LS.gpkg", "year": 1998, "date": "1998-01-01" }, "geometry": { "type": "Polygon", "coordinates": [ [ [ 9.182699776815053, 31.661941934339591 ], [ 9.182699247145129, 31.661671266899255 ], [ 9.18333215170982, 31.661670359263184 ], [ 9.183332683214594, 31.661941026693963 ], [ 9.182699776815053, 31.661941934339591 ] ] ] } },
{ "type": "Feature", "properties": { "fid": 51, "DN": 1, "solidity": 1.0, "compactness": 0.78539816339744828, "area_m2": 900.71370691675111, "layer": "Oil Inventory 1998 (LS)", "path": "/Users/jmeloflorez-local/Research/oil-lakes/data/oil_inventory_1998_LS.gpkg", "year": 1998, "date": "1998-01-01" }, "geometry": { "type": "Polygon", "coordinates": [ [ [ 9.18333215170982, 31.661670359263184 ], [ 9.183331620212197, 31.66139969182089 ], [ 9.183648071566406, 31.661399236830597 ], [ 9.183648603981441, 31.661669904268098 ], [ 9.18333215170982, 31.661670359263184 ] ] ] } },
{ "type": "Feature", "properties": { "fid": 52, "DN": 1, "solidity": 1.0, "compactness": 0.78539816339744828, "area_m2": 900.71471037724405, "layer": "Oil Inventory 1998 (LS)", "path": "/Users/jmeloflorez-local/Research/oil-lakes/data/oil_inventory_1998_LS.gpkg", "year": 1998, "date": "1998-01-01" }, "geometry": { "type": "Polygon", "coordinates": [ [ [ 9.169080519018994, 31.655464663050012 ], [ 9.169080028956772, 31.655193995136436 ], [ 9.169396459523469, 31.655193575558293 ], [ 9.169396950502824, 31.655464243467467 ], [ 9.169080519018994, 31.655464663050012 ] ] ] } },
{ "type": "Feature", "properties": { "fid": 53, "DN": 1, "solidity": 1.0, "compactness": 0.78539816339744828, "area_m2": 900.71473176119616, "layer": "Oil Inventory 1998 (LS)", "path": "/Users/jmeloflorez-local/Research/oil-lakes/data/oil_inventory_1998_LS.gpkg", "year": 1998, "date": "1998-01-01" }, "geometry": { "type": "Polygon", "coordinates": [ [ [ 9.168763598383482, 31.655194413930065 ], [ 9.168763109244976, 31.654923746000573 ], [ 9.169079538901148, 31.654923327211336 ], [ 9.169080028956772, 31.655193995136436 ], [ 9.168763598383482, 31.655194413930065 ] ] ] } },
{ "type": "Feature", "properties": { "fid": 54, "DN": 1, "solidity": 0.84210526315789469, "compactness": 0.49087385212340517, "area_m2": 36028.593697155506, "layer": "Oil Inventory 1998 (LS)", "path": "/Users/jmeloflorez-local/Research/oil-lakes/data/oil_inventory_1998_LS.gpkg", "year": 1998, "date": "1998-01-01" }, "geometry": { "type": "Polygon", "coordinates": [ [ [ 9.166233599004695, 31.656009739861748 ], [ 9.166231671759641, 31.654927068073018 ], [ 9.166548101468134, 31.654926655559656 ], [ 9.16654713605031, 31.654385319604973 ], [ 9.166863563918099, 31.654384906315823 ], [ 9.166862596692107, 31.653843570323829 ], [ 9.167495448739835, 31.653842741409566 ], [ 9.167494963302483, 31.653572073405037 ], [ 9.16812781348996, 31.653571241361725 ], [ 9.168128788039459, 31.654112577341763 ], [ 9.168445214957497, 31.654112160134666 ], [ 9.168445703159168, 31.654382828103053 ], [ 9.168129275324045, 31.654383245314541 ], [ 9.168130737217158, 31.655195249163871 ], [ 9.167814306624152, 31.655195665604033 ], [ 9.16781479301784, 31.655466333535191 ], [ 9.167498361501156, 31.65546674919522 ], [ 9.167499332473867, 31.656008085031779 ], [ 9.166233599004695, 31.656009739861748 ] ] ] } },
{ "type": "Feature", "properties": { "fid": 55, "DN": 1, "solidity": 1.0, "compactness": 0.78539816339744828, "area_m2": 900.71400519102463, "layer": "Oil Inventory 1999 (LS)", "path": "/Users/jmeloflorez-local/Research/oil-lakes/data/oil_inventory_1999_LS.gpkg", "year": 1999, "date": "1999-01-01" }, "geometry": { "type": "Polygon", "coordinates": [ [ [ 9.179323889402703, 31.716621467822879 ], [ 9.17932336841022, 31.716350802655089 ], [ 9.179640006344904, 31.716350356915491 ], [ 9.179640528257313, 31.716621022078606 ], [ 9.179323889402703, 31.716621467822879 ] ] ] } },
{ "type": "Feature", "properties": { "fid": 56, "DN": 1, "solidity": 1.0, "compactness": 0.78539816339744828, "area_m2": 900.71402788313571, "layer": "Oil Inventory 1999 (LS)", "path": "/Users/jmeloflorez-local/Research/oil-lakes/data/oil_inventory_1999_LS.gpkg", "year": 1999, "date": "1999-01-01" }, "geometry": { "type": "Polygon", "coordinates": [ [ [ 9.179006730468524, 31.71635124760833 ], [ 9.179006210402962, 31.716080582424365 ], [ 9.179322847424746, 31.716080137475789 ], [ 9.17932336841022, 31.716350802655089 ], [ 9.179006730468524, 31.71635124760833 ] ] ] } },
{ "type": "Feature", "properties": { "fid": 57, "DN": 1, "solidity": 0.86544342507645255, "compactness": 0.38588138930812127, "area_m2": 254901.99847817994, "layer": "Oil Inventory 1999 (LS)", "path": "/Users/jmeloflorez-local/Research/oil-lakes/data/oil_inventory_1999_LS.gpkg", "year": 1999, "date": "1999-01-01" }, "geometry": { "type": "Polygon", "coordinates": [ [ [ 9.179961872912434, 31.719056561455602 ], [ 9.179961350016791, 31.718785896400806 ], [ 9.179328057594924, 31.718786788750737 ], [ 9.179324931408697, 31.717162798123926 ], [ 9.179641572103192, 31.717162352370273 ], [ 9.179640528257313, 31.716621022078606 ], [ 9.179957167104899, 31.716620575547953 ], [ 9.179956644272568, 31.716349910389532 ], [ 9.180273282193196, 31.716349463077233 ], [ 9.180272234709829, 31.715808132735255 ], [ 9.1805888707836, 31.715807684646006 ], [ 9.180585198374834, 31.713913028119443 ], [ 9.180901828002602, 31.713912579276858 ], [ 9.180901302481212, 31.713641914017437 ], [ 9.181217931182111, 31.713641464393305 ], [ 9.181217404748006, 31.713370799127102 ], [ 9.181534032522036, 31.713370348721433 ], [ 9.181533505175238, 31.713099683448437 ], [ 9.181850132022396, 31.713099232261246 ], [ 9.181849603762933, 31.712828566981482 ], [ 9.18248285559639, 31.712827662257826 ], [ 9.182482325504532, 31.712556996976058 ], [ 9.184065450364399, 31.712554721431449 ], [ 9.18406491568099, 31.712284056162087 ], [ 9.185648035762318, 31.712281760985586 ], [ 9.185648575044413, 31.712552426230836 ], [ 9.186598449765448, 31.712551039675592 ], [ 9.186598991814042, 31.712821704894765 ], [ 9.186282365994559, 31.712822167870943 ], [ 9.186284530582753, 31.713904828651931 ], [ 9.18596790107687, 31.713905290861302 ], [ 9.185968441322311, 31.714175956032619 ], [ 9.185651810889349, 31.714176417460553 ], [ 9.185652889562379, 31.714717747778355 ], [ 9.185336257282501, 31.714718208429677 ], [ 9.185336795710052, 31.714988873576139 ], [ 9.185020162503085, 31.714989333445988 ], [ 9.18502070001802, 31.71525999858579 ], [ 9.184704065883958, 31.715260457674145 ], [ 9.184705139095767, 31.715801787928836 ], [ 9.18407186712648, 31.715802703765821 ], [ 9.184072401903421, 31.716073368885521 ], [ 9.18375576498808, 31.716073825629312 ], [ 9.183756298852304, 31.716344490742287 ], [ 9.183439661009871, 31.716344946704513 ], [ 9.183440193961356, 31.716615611810777 ], [ 9.183123555191829, 31.716616066991435 ], [ 9.183124087230549, 31.716886732090963 ], [ 9.18280744753393, 31.716887186490034 ], [ 9.182807978659861, 31.717157851582822 ], [ 9.182491338036147, 31.717158305200289 ], [ 9.182491868249263, 31.717428970286342 ], [ 9.181858585140528, 31.717429875171621 ], [ 9.181859113520833, 31.717700540255652 ], [ 9.181542471035822, 31.717700991523451 ], [ 9.181542998503254, 31.717971656600728 ], [ 9.181226355091161, 31.717972107086862 ], [ 9.181227408207304, 31.718513437216327 ], [ 9.18091076294812, 31.7185138869255 ], [ 9.180911288596796, 31.718784551977677 ], [ 9.180594642410515, 31.718785000905147 ], [ 9.180595167146231, 31.719055665950545 ], [ 9.179961872912434, 31.719056561455602 ] ] ] } },
{ "type": "Feature", "properties": { "fid": 58, "DN": 1, "solidity": 0.72727272727272729, "compactness": 0.39269908169872414, "area_m2": 7205.7097483372199, "layer": "Oil Inventory 1999 (LS)", "path": "/Users/jmeloflorez-local/Research/oil-lakes/data/oil_inventory_1999_LS.gpkg", "year": 1999, "date": "1999-01-01" }, "geometry": { "type": "Polygon", "coordinates": [ [ [ 9.182700306492105, 31.662212601768424 ], [ 9.182699776815053, 31.661941934339591 ], [ 9.183016230018394, 31.661941480909118 ], [ 9.183015168850835, 31.661400146026494 ], [ 9.183331620212197, 31.66139969182089 ], [ 9.183331088721728, 31.661129024367089 ], [ 9.183963989588179, 31.661128113611415 ], [ 9.183964522913449, 31.661398781055635 ], [ 9.183648071566406, 31.661399236830597 ], [ 9.183649136403641, 31.661940571694107 ], [ 9.183332683214594, 31.661941026693963 ], [ 9.183333214726524, 31.66221169411326 ], [ 9.182700306492105, 31.662212601768424 ] ] ] } },
{ "type": "Feature", "properties": { "fid": 59, "DN": 1, "solidity": 0.8571428571428571, "compactness": 0.58904862254808621, "area_m2": 2702.1441576801299, "layer": "Oil Inventory 1999 (LS)", "path": "/Users/jmeloflorez-local/Research/oil-lakes/data/oil_inventory_1999_LS.gpkg", "year": 1999, "date": "1999-01-01" }, "geometry": { "type": "Polygon", "coordinates": [ [ [ 9.169080519018994, 31.655464663050012 ], [ 9.169080028956772, 31.655193995136436 ], [ 9.168763598383482, 31.655194413930065 ], [ 9.168763109244976, 31.654923746000573 ], [ 9.169395968550724, 31.654922907637619 ], [ 9.169396950502824, 31.655464243467467 ], [ 9.169080519018994, 31.655464663050012 ] ] ] } },
{ "type": "Feature", "properties": { "fid": 60, "DN": 1, "solidity": 0.78504672897196259, "compactness": 0.40724349213201022, "area_m2": 37830.023087335634, "layer": "Oil Inventory 1999 (LS)", "path": "/Users/jmeloflorez-local/Research/oil-lakes/data/oil_inventory_1999_LS.gpkg", "year": 1999, "date": "1999-01-01" }, "geometry": { "type": "Polygon", "coordinates": [ [ [ 9.167183383695331, 31.656279167821438 ], [ 9.167182899116344, 31.656008499916034 ], [ 9.166233599004695, 31.656009739861748 ], [ 9.166232635369198, 31.65546840399038 ], [ 9.166549066911946, 31.655467991468342 ], [ 9.16654713605031, 31.654385319604973 ], [ 9.166863563918099, 31.654384906315823 ], [ 9.166862596692107, 31.653843570323829 ], [ 9.167495448739835, 31.653842741409566 ], [ 9.167494963302483, 31.653572073405037 ], [ 9.16812781348996, 31.653571241361725 ], [ 9.168128788039459, 31.654112577341763 ], [ 9.168445214957497, 31.654112160134666 ], [ 9.168446191367408, 31.654653496059929 ], [ 9.168129762615191, 31.654653913275812 ], [ 9.168130249912895, 31.654924581225593 ], [ 9.168446679582221, 31.654924164005322 ], [ 9.168447167803604, 31.655194831939216 ], [ 9.167814306624152, 31.655195665604033 ], [ 9.167815279418075, 31.655737001454845 ], [ 9.167498846984245, 31.655737417119248 ], [ 9.167499817970024, 31.656278752932803 ], [ 9.167183383695331, 31.656279167821438 ] ] ] } },
{ "type": "Feature", "properties": { "fid": 61, "DN": 1, "solidity": 0.85436893203883491, "compactness": 0.35784413361895573, "area_m2": 277419.84525828063, "layer": "Oil Inventory 2000 (LS)", "path": "/Users/jmeloflorez-local/Research/oil-lakes/data/oil_inventory_2000_LS.gpkg", "year": 2000, "date": "2000-01-01" }, "geometry": { "type": "Polygon", "coordinates": [ [ [ 9.179961872912434, 31.719056561455602 ], [ 9.179961350016791, 31.718785896400806 ], [ 9.179328057594924, 31.718786788750737 ], [ 9.179327015504809, 31.718245458587852 ], [ 9.179010371123386, 31.718245903573809 ], [ 9.179009330901295, 31.71770457335553 ], [ 9.179325973442733, 31.717704128378916 ], [ 9.179323889402703, 31.716621467822879 ], [ 9.179007250541083, 31.716621912780795 ], [ 9.179006210402962, 31.716080582424365 ], [ 9.179322847424746, 31.716080137475789 ], [ 9.17932336841022, 31.716350802655089 ], [ 9.180273282193196, 31.716349463077233 ], [ 9.180269092428841, 31.714184141433062 ], [ 9.180585722983482, 31.71418369337206 ], [ 9.180584673773243, 31.713642362855303 ], [ 9.180901302481212, 31.713641914017437 ], [ 9.180900776966896, 31.713371248746515 ], [ 9.181217404748006, 31.713370799127102 ], [ 9.181216878320983, 31.713100133849395 ], [ 9.181533505175238, 31.713099683448437 ], [ 9.181532977835536, 31.712829018163951 ], [ 9.18248285559639, 31.712827662257826 ], [ 9.182482325504532, 31.712556996976058 ], [ 9.183432200441949, 31.712555634008019 ], [ 9.183431667598011, 31.712284968729055 ], [ 9.185964659756868, 31.712281299591595 ], [ 9.185965199958696, 31.712551964831992 ], [ 9.18691507465789, 31.712550575918037 ], [ 9.186915617626234, 31.712821241132325 ], [ 9.186598991814042, 31.712821704894765 ], [ 9.186599533869931, 31.713092370102409 ], [ 9.186282907130686, 31.713092833083461 ], [ 9.186284530582753, 31.713904828651931 ], [ 9.18596790107687, 31.713905290861302 ], [ 9.185968981575021, 31.714446621192433 ], [ 9.185652350222234, 31.714447082625213 ], [ 9.185652889562379, 31.714717747778355 ], [ 9.185336257282501, 31.714718208429677 ], [ 9.185336795710052, 31.714988873576139 ], [ 9.185020162503085, 31.714989333445988 ], [ 9.18502070001802, 31.71525999858579 ], [ 9.184704065883958, 31.715260457674145 ], [ 9.184704602486251, 31.715531122807235 ], [ 9.184387967425097, 31.715531581114089 ], [ 9.184388503114727, 31.7158022462405 ], [ 9.18407186712648, 31.715802703765821 ], [ 9.184072401903421, 31.716073368885521 ], [ 9.18375576498808, 31.716073825629312 ], [ 9.183756298852304, 31.716344490742287 ], [ 9.183439661009871, 31.716344946704513 ], [ 9.183440193961356, 31.716615611810777 ], [ 9.183123555191829, 31.716616066991435 ], [ 9.183124087230549, 31.716886732090963 ], [ 9.18280744753393, 31.716887186490034 ], [ 9.182807978659861, 31.717157851582822 ], [ 9.182491338036147, 31.717158305200289 ], [ 9.182491868249263, 31.717428970286342 ], [ 9.181858585140528, 31.717429875171621 ], [ 9.181859113520833, 31.717700540255652 ], [ 9.181542471035822, 31.717700991523451 ], [ 9.181543525977782, 31.718242321666473 ], [ 9.18122688164569, 31.718242772157343 ], [ 9.181227408207304, 31.718513437216327 ], [ 9.18091076294812, 31.7185138869255 ], [ 9.180911814252545, 31.719055217018358 ], [ 9.179961872912434, 31.719056561455602 ] ] ] } },
{ "type": "Feature", "properties": { "fid": 62, "DN": 1, "solidity": 1.0, "compactness": 0.78539816339744828, "area_m2": 900.71344944697921, "layer": "Oil Inventory 2000 (LS)", "path": "/Users/jmeloflorez-local/Research/oil-lakes/data/oil_inventory_2000_LS.gpkg", "year": 2000, "date": "2000-01-01" }, "geometry": { "type": "Polygon", "coordinates": [ [ [ 9.18691507465789, 31.712550575918037 ], [ 9.186914531696852, 31.712279910692221 ], [ 9.187231155662252, 31.71227944615331 ], [ 9.187231699543027, 31.712550111374242 ], [ 9.18691507465789, 31.712550575918037 ] ] ] } },
{ "type": "Feature", "properties": { "fid": 63, "DN": 1, "solidity": 0.76923076923076927, "compactness": 0.43633231299858238, "area_m2": 4503.5686678864295, "layer": "Oil Inventory 2000 (LS)", "path": "/Users/jmeloflorez-local/Research/oil-lakes/data/oil_inventory_2000_LS.gpkg", "year": 2000, "date": "2000-01-01" }, "geometry": { "type": "Polygon", "coordinates": [ [ [ 9.182700306492105, 31.662212601768424 ], [ 9.182699247145129, 31.661671266899255 ], [ 9.183015699431044, 31.661670813473567 ], [ 9.183015168850835, 31.661400146026494 ], [ 9.183648071566406, 31.661399236830597 ], [ 9.183648603981441, 31.661669904268098 ], [ 9.18333215170982, 31.661670359263184 ], [ 9.183332683214594, 31.661941026693963 ], [ 9.183016230018394, 31.661941480909118 ], [ 9.183016760612883, 31.662212148333186 ], [ 9.182700306492105, 31.662212601768424 ] ] ] } },
{ "type": "Feature", "properties": { "fid": 64, "DN": 1, "solidity": 1.0, "compactness": 0.78539816339744828, "area_m2": 900.71368386852555, "layer": "Oil Inventory 2000 (LS)", "path": "/Users/jmeloflorez-local/Research/oil-lakes/data/oil_inventory_2000_LS.gpkg", "year": 2000, "date": "2000-01-01" }, "geometry": { "type": "Polygon", "coordinates": [ [ [ 9.183648071566406, 31.661399236830597 ], [ 9.183647539158535, 31.661128569381585 ], [ 9.183963989588179, 31.661128113611415 ], [ 9.183964522913449, 31.661398781055635 ], [ 9.183648071566406, 31.661399236830597 ] ] ] } },
{ "type": "Feature", "properties": { "fid": 65, "DN": 1, "solidity": 1.0, "compactness": 0.78539816339744828, "area_m2": 900.71471037724405, "layer": "Oil Inventory 2000 (LS)", "path": "/Users/jmeloflorez-local/Research/oil-lakes/data/oil_inventory_2000_LS.gpkg", "year": 2000, "date": "2000-01-01" }, "geometry": { "type": "Polygon", "coordinates": [ [ [ 9.169080519018994, 31.655464663050012 ], [ 9.169080028956772, 31.655193995136436 ], [ 9.169396459523469, 31.655193575558293 ], [ 9.169396950502824, 31.655464243467467 ], [ 9.169080519018994, 31.655464663050012 ] ] ] } },
{ "type": "Feature", "properties": { "fid": 66, "DN": 1, "solidity": 1.0, "compactness": 0.78539816339744828, "area_m2": 900.71473176119616, "layer": "Oil Inventory 2000 (LS)", "path": "/Users/jmeloflorez-local/Research/oil-lakes/data/oil_inventory_2000_LS.gpkg", "year": 2000, "date": "2000-01-01" }, "geometry": { "type": "Polygon", "coordinates": [ [ [ 9.168763598383482, 31.655194413930065 ], [ 9.168763109244976, 31.654923746000573 ], [ 9.169079538901148, 31.654923327211336 ], [ 9.169080028956772, 31.655193995136436 ], [ 9.168763598383482, 31.655194413930065 ] ] ] } },
{ "type": "Feature", "properties": { "fid": 67, "DN": 1, "solidity": 0.865979381443299, "compactness": 0.51541754472957546, "area_m2": 37830.02342076815, "layer": "Oil Inventory 2000 (LS)", "path": "/Users/jmeloflorez-local/Research/oil-lakes/data/oil_inventory_2000_LS.gpkg", "year": 2000, "date": "2000-01-01" }, "geometry": { "type": "Polygon", "coordinates": [ [ [ 9.166233599004695, 31.656009739861748 ], [ 9.166231671759641, 31.654927068073018 ], [ 9.166548101468134, 31.654926655559656 ], [ 9.166546653351142, 31.654114651610371 ], [ 9.166863080301848, 31.654114238325576 ], [ 9.166862596692107, 31.653843570323829 ], [ 9.167179022719232, 31.653843156258922 ], [ 9.167178538198939, 31.653572488250035 ], [ 9.167811388399494, 31.653571657775604 ], [ 9.167811874753905, 31.653842325775752 ], [ 9.168128300761431, 31.653841909357496 ], [ 9.168128788039459, 31.654112577341763 ], [ 9.168445214957497, 31.654112160134666 ], [ 9.168445703159168, 31.654382828103053 ], [ 9.168129275324045, 31.654383245314541 ], [ 9.168130737217158, 31.655195249163871 ], [ 9.167814306624152, 31.655195665604033 ], [ 9.167815279418075, 31.655737001454845 ], [ 9.167498846984245, 31.655737417119248 ], [ 9.167499332473867, 31.656008085031779 ], [ 9.166233599004695, 31.656009739861748 ] ] ] } },
{ "type": "Feature", "properties": { "fid": 68, "DN": 1, "solidity": 0.7142857142857143, "compactness": 0.43633231299858238, "area_m2": 4503.5705904779606, "layer": "Oil Inventory 2003 (LS)", "path": "/Users/jmeloflorez-local/Research/oil-lakes/data/oil_inventory_2003_LS.gpkg", "year": 2003, "date": "2003-01-01" }, "geometry": { "type": "Polygon", "coordinates": [ [ [ 9.177747925254405, 31.72041299621511 ], [ 9.177746892281073, 31.719871666143806 ], [ 9.177430242344535, 31.719872107225502 ], [ 9.177429726788363, 31.719601442167942 ], [ 9.178063024814346, 31.719600559227356 ], [ 9.178064059613938, 31.720141889312409 ], [ 9.178380710456652, 31.720141446653134 ], [ 9.178381228786987, 31.720412111673738 ], [ 9.177747925254405, 31.72041299621511 ] ] ] } },
{ "type": "Feature", "properties": { "fid": 69, "DN": 1, "solidity": 0.86811779769526254, "compactness": 0.37913845125202561, "area_m2": 305341.97530107806, "layer": "Oil Inventory 2003 (LS)", "path": "/Users/jmeloflorez-local/Research/oil-lakes/data/oil_inventory_2003_LS.gpkg", "year": 2003, "date": "2003-01-01" }, "geometry": { "type": "Polygon", "coordinates": [ [ [ 9.17964574776761, 31.719327673076453 ], [ 9.179645225784979, 31.719057008028475 ], [ 9.179011931509008, 31.719057898814899 ], [ 9.179008290707195, 31.717163243091189 ], [ 9.179324931408697, 31.717162798123926 ], [ 9.179324410402195, 31.716892132979151 ], [ 9.17900777062064, 31.716892577941746 ], [ 9.179006210402962, 31.716080582424365 ], [ 9.179639484439521, 31.716079691740884 ], [ 9.179638962541157, 31.715809026554741 ], [ 9.179955598629011, 31.715808580038171 ], [ 9.179955075817782, 31.715537914845211 ], [ 9.180271710978715, 31.715537467547001 ], [ 9.180269092428841, 31.714184141433062 ], [ 9.180585722983482, 31.71418369337206 ], [ 9.180584673773243, 31.713642362855303 ], [ 9.180901302481212, 31.713641914017437 ], [ 9.180900776966896, 31.713371248746515 ], [ 9.181217404748006, 31.713370799127102 ], [ 9.181216878320983, 31.713100133849395 ], [ 9.181533505175238, 31.713099683448437 ], [ 9.181532977835536, 31.712829018163951 ], [ 9.18216622968322, 31.712828115012787 ], [ 9.182165700511113, 31.712557449726255 ], [ 9.183115575469962, 31.712556089116934 ], [ 9.183115043545765, 31.712285423833194 ], [ 9.18469816373519, 31.712283140450179 ], [ 9.184697627219526, 31.712012475178931 ], [ 9.185330873405402, 31.712011556331753 ], [ 9.185331411760517, 31.712282221593352 ], [ 9.186281283744146, 31.712280837411374 ], [ 9.186281824865713, 31.712551502646914 ], [ 9.18691507465789, 31.712550575918037 ], [ 9.186915617626234, 31.712821241132325 ], [ 9.186598991814042, 31.712821704894765 ], [ 9.186600618003586, 31.713633700483168 ], [ 9.186283989424783, 31.713634163473952 ], [ 9.186284530582753, 31.713904828651931 ], [ 9.18596790107687, 31.713905290861302 ], [ 9.185968981575021, 31.714446621192433 ], [ 9.185652350222234, 31.714447082625213 ], [ 9.185652889562379, 31.714717747778355 ], [ 9.185336257282501, 31.714718208429677 ], [ 9.185336795710052, 31.714988873576139 ], [ 9.185020162503085, 31.714989333445988 ], [ 9.18502070001802, 31.71525999858579 ], [ 9.184704065883958, 31.715260457674145 ], [ 9.184705139095767, 31.715801787928836 ], [ 9.184388503114727, 31.7158022462405 ], [ 9.184389038811565, 31.716072911355383 ], [ 9.18375576498808, 31.716073825629312 ], [ 9.183756298852304, 31.716344490742287 ], [ 9.183123023160267, 31.716345401880393 ], [ 9.183124087230549, 31.716886732090963 ], [ 9.18280744753393, 31.716887186490034 ], [ 9.182807978659861, 31.717157851582822 ], [ 9.182491338036147, 31.717158305200289 ], [ 9.182491868249263, 31.717428970286342 ], [ 9.182175226698456, 31.717429423122169 ], [ 9.182175755998735, 31.717700088201457 ], [ 9.181859113520833, 31.717700540255652 ], [ 9.18185964190825, 31.71797120532818 ], [ 9.181542998503254, 31.717971656600728 ], [ 9.181544053459405, 31.718512986720718 ], [ 9.181227408207304, 31.718513437216327 ], [ 9.181228461351786, 31.719054767299731 ], [ 9.180911814252545, 31.719055217018358 ], [ 9.180912339915366, 31.719325882047521 ], [ 9.17964574776761, 31.719327673076453 ] ] ] } },
{ "type": "Feature", "properties": { "fid": 70, "DN": 1, "solidity": 1.0, "compactness": 0.78539816339744828, "area_m2": 900.71372999434243, "layer": "Oil Inventory 2003 (LS)", "path": "/Users/jmeloflorez-local/Research/oil-lakes/data/oil_inventory_2003_LS.gpkg", "year": 2003, "date": "2003-01-01" }, "geometry": { "type": "Polygon", "coordinates": [ [ [ 9.183016230018394, 31.661941480909118 ], [ 9.183015699431044, 31.661670813473567 ], [ 9.18333215170982, 31.661670359263184 ], [ 9.183332683214594, 31.661941026693963 ], [ 9.183016230018394, 31.661941480909118 ] ] ] } },
{ "type": "Feature", "properties": { "fid": 71, "DN": 1, "solidity": 1.0, "compactness": 0.78539816339744828, "area_m2": 900.71370691675111, "layer": "Oil Inventory 2003 (LS)", "path": "/Users/jmeloflorez-local/Research/oil-lakes/data/oil_inventory_2003_LS.gpkg", "year": 2003, "date": "2003-01-01" }, "geometry": { "type": "Polygon", "coordinates": [ [ [ 9.18333215170982, 31.661670359263184 ], [ 9.183331620212197, 31.66139969182089 ], [ 9.183648071566406, 31.661399236830597 ], [ 9.183648603981441, 31.661669904268098 ], [ 9.18333215170982, 31.661670359263184 ] ] ] } },
{ "type": "Feature", "properties": { "fid": 72, "DN": 1, "solidity": 0.7831325301204819, "compactness": 0.38601800091367972, "area_m2": 58546.461315561261, "layer": "Oil Inventory 2003 (LS)", "path": "/Users/jmeloflorez-local/Research/oil-lakes/data/oil_inventory_2003_LS.gpkg", "year": 2003, "date": "2003-01-01" }, "geometry": { "type": "Polygon", "coordinates": [ [ [ 9.167183383695331, 31.656279167821438 ], [ 9.167182899116344, 31.656008499916034 ], [ 9.166550032381746, 31.656009327331027 ], [ 9.16654713605031, 31.654385319604973 ], [ 9.166863563918099, 31.654384906315823 ], [ 9.166862596692107, 31.653843570323829 ], [ 9.167495448739835, 31.653842741409566 ], [ 9.167494963302483, 31.653572073405037 ], [ 9.16812781348996, 31.653571241361725 ], [ 9.168128300761431, 31.653841909357496 ], [ 9.168444726762395, 31.653841492154783 ], [ 9.168445214957497, 31.654112160134666 ], [ 9.168761641868963, 31.654111742143098 ], [ 9.168761152756792, 31.653841074167616 ], [ 9.169394004725822, 31.65384023583994 ], [ 9.169393513786115, 31.653569567861762 ], [ 9.169709938843665, 31.653569147525666 ], [ 9.16971043070043, 31.653839815499417 ], [ 9.17002685666842, 31.65383939437444 ], [ 9.170027842235966, 31.654380730278586 ], [ 9.16971141443382, 31.654381151412416 ], [ 9.169712398193692, 31.654922487279411 ], [ 9.169395968550724, 31.654922907637619 ], [ 9.169396459523469, 31.655193575558293 ], [ 9.168130737217158, 31.655195249163871 ], [ 9.168131224527979, 31.655465917090648 ], [ 9.16781479301784, 31.655466333535191 ], [ 9.167815765824857, 31.656007669362989 ], [ 9.167499332473867, 31.656008085031779 ], [ 9.167499817970024, 31.656278752932803 ], [ 9.167183383695331, 31.656279167821438 ] ] ] } },
{ "type": "Feature", "properties": { "fid": 73, "DN": 1, "solidity": 0.85051546391752575, "compactness": 0.36907282865241431, "area_m2": 297235.55101717735, "layer": "Oil Inventory 2004 (LS)", "path": "/Users/jmeloflorez-local/Research/oil-lakes/data/oil_inventory_2004_LS.gpkg", "year": 2004, "date": "2004-01-01" }, "geometry": { "type": "Polygon", "coordinates": [ [ [ 9.179962395815114, 31.719327226498891 ], [ 9.179961872912434, 31.719056561455602 ], [ 9.179328578650498, 31.719057453814912 ], [ 9.179328057594924, 31.718786788750737 ], [ 9.178694765145016, 31.718787677954943 ], [ 9.178694245936498, 31.718517012869917 ], [ 9.179010891244928, 31.718516568665692 ], [ 9.179008810800747, 31.717433908229122 ], [ 9.17932545242221, 31.717433463257173 ], [ 9.179323889402703, 31.716621467822879 ], [ 9.179007250541083, 31.716621912780795 ], [ 9.179006210402962, 31.716080582424365 ], [ 9.179956121447272, 31.716079245219611 ], [ 9.179955598629011, 31.715808580038171 ], [ 9.180272234709829, 31.715808132735255 ], [ 9.180269616124724, 31.714454806678877 ], [ 9.180586247599187, 31.714454358613168 ], [ 9.180584673773243, 31.713642362855303 ], [ 9.180901302481212, 31.713641914017437 ], [ 9.180900776966896, 31.713371248746515 ], [ 9.181217404748006, 31.713370799127102 ], [ 9.181216878320983, 31.713100133849395 ], [ 9.181533505175238, 31.713099683448437 ], [ 9.181532977835536, 31.712829018163951 ], [ 9.18216622968322, 31.712828115012787 ], [ 9.182165700511113, 31.712557449726255 ], [ 9.183432200441949, 31.712555634008019 ], [ 9.183431667598011, 31.712284968729055 ], [ 9.185964659756868, 31.712281299591595 ], [ 9.185965199958696, 31.712551964831992 ], [ 9.18691507465789, 31.712550575918037 ], [ 9.186915617626234, 31.712821241132325 ], [ 9.186598991814042, 31.712821704894765 ], [ 9.186600618003586, 31.713633700483168 ], [ 9.186283989424783, 31.713634163473952 ], [ 9.186284530582753, 31.713904828651931 ], [ 9.18596790107687, 31.713905290861302 ], [ 9.185968981575021, 31.714446621192433 ], [ 9.185652350222234, 31.714447082625213 ], [ 9.185652889562379, 31.714717747778355 ], [ 9.185336257282501, 31.714718208429677 ], [ 9.185336795710052, 31.714988873576139 ], [ 9.185020162503085, 31.714989333445988 ], [ 9.18502070001802, 31.71525999858579 ], [ 9.184704065883958, 31.715260457674145 ], [ 9.184705139095767, 31.715801787928836 ], [ 9.184388503114727, 31.7158022462405 ], [ 9.184389038811565, 31.716072911355383 ], [ 9.183439128065556, 31.716074281586749 ], [ 9.183440193961356, 31.716615611810777 ], [ 9.183123555191829, 31.716616066991435 ], [ 9.183124087230549, 31.716886732090963 ], [ 9.18280744753393, 31.716887186490034 ], [ 9.182807978659861, 31.717157851582822 ], [ 9.182491338036147, 31.717158305200289 ], [ 9.182492398469515, 31.717699635360869 ], [ 9.181859113520833, 31.717700540255652 ], [ 9.18185964190825, 31.71797120532818 ], [ 9.181542998503254, 31.717971656600728 ], [ 9.181544053459405, 31.718512986720718 ], [ 9.181227408207304, 31.718513437216327 ], [ 9.181228461351786, 31.719054767299731 ], [ 9.180911814252545, 31.719055217018358 ], [ 9.180912339915366, 31.719325882047521 ], [ 9.179962395815114, 31.719327226498891 ] ] ] } },
{ "type": "Feature", "properties": { "fid": 74, "DN": 1, "solidity": 0.74251497005988021, "compactness": 0.33815754257390135, "area_m2": 55844.316928624932, "layer": "Oil Inventory 2004 (LS)", "path": "/Users/jmeloflorez-local/Research/oil-lakes/data/oil_inventory_2004_LS.gpkg", "year": 2004, "date": "2004-01-01" }, "geometry": { "type": "Polygon", "coordinates": [ [ [ 9.167183383695331, 31.656279167821438 ], [ 9.167182899116344, 31.656008499916034 ], [ 9.166550032381746, 31.656009327331027 ], [ 9.16654713605031, 31.654385319604973 ], [ 9.166863563918099, 31.654384906315823 ], [ 9.166862596692107, 31.653843570323829 ], [ 9.167495448739835, 31.653842741409566 ], [ 9.167494963302483, 31.653572073405037 ], [ 9.16812781348996, 31.653571241361725 ], [ 9.168128788039459, 31.654112577341763 ], [ 9.169078068773846, 31.654111323367083 ], [ 9.169077578744604, 31.653840655396003 ], [ 9.169394004725822, 31.65384023583994 ], [ 9.169393513786115, 31.653569567861762 ], [ 9.170026363894596, 31.65356872640513 ], [ 9.170027842235966, 31.654380730278586 ], [ 9.16971141443382, 31.654381151412416 ], [ 9.169712398193692, 31.654922487279411 ], [ 9.169395968550724, 31.654922907637619 ], [ 9.169396459523469, 31.655193575558293 ], [ 9.168763598383482, 31.655194413930065 ], [ 9.168763109244976, 31.654923746000573 ], [ 9.168446679582221, 31.654924164005322 ], [ 9.168447167803604, 31.655194831939216 ], [ 9.168130737217158, 31.655195249163871 ], [ 9.168131224527979, 31.655465917090648 ], [ 9.16781479301784, 31.655466333535191 ], [ 9.167815279418075, 31.655737001454845 ], [ 9.167498846984245, 31.655737417119248 ], [ 9.167499817970024, 31.656278752932803 ], [ 9.167183383695331, 31.656279167821438 ] ] ] } },
{ "type": "Feature", "properties": { "fid": 75, "DN": 1, "solidity": 1.0, "compactness": 0.78539816339744828, "area_m2": 900.71344944697921, "layer": "Oil Inventory 2005 (LS)", "path": "/Users/jmeloflorez-local/Research/oil-lakes/data/oil_inventory_2005_LS.gpkg", "year": 2005, "date": "2005-01-01" }, "geometry": { "type": "Polygon", "coordinates": [ [ [ 9.18691507465789, 31.712550575918037 ], [ 9.186914531696852, 31.712279910692221 ], [ 9.187231155662252, 31.71227944615331 ], [ 9.187231699543027, 31.712550111374242 ], [ 9.18691507465789, 31.712550575918037 ] ] ] } },
{ "type": "Feature", "properties": { "fid": 76, "DN": 1, "solidity": 0.84541062801932365, "compactness": 0.35062418008814655, "area_m2": 315249.82772369171, "layer": "Oil Inventory 2005 (LS)", "path": "/Users/jmeloflorez-local/Research/oil-lakes/data/oil_inventory_2005_LS.gpkg", "year": 2005, "date": "2005-01-01" }, "geometry": { "type": "Polygon", "coordinates": [ [ [ 9.180279567685357, 31.719597444161955 ], [ 9.180279043855583, 31.719326779134882 ], [ 9.17964574776761, 31.719327673076453 ], [ 9.179645225784979, 31.719057008028475 ], [ 9.179011931509008, 31.719057898814899 ], [ 9.17901141137347, 31.718787233746063 ], [ 9.178694765145016, 31.718787677954943 ], [ 9.178693726734966, 31.718246347773366 ], [ 9.179010371123386, 31.718245903573809 ], [ 9.179006730468524, 31.71635124760833 ], [ 9.178690092519833, 31.716351691775216 ], [ 9.178689054235516, 31.715810361386417 ], [ 9.179005690344397, 31.71580991722886 ], [ 9.179006210402962, 31.716080582424365 ], [ 9.179639484439521, 31.716079691740884 ], [ 9.179638962541157, 31.715809026554741 ], [ 9.179955598629011, 31.715808580038171 ], [ 9.179954553013589, 31.71526724964075 ], [ 9.180271187254647, 31.715266802347241 ], [ 9.180268568740006, 31.71391347617574 ], [ 9.180585198374834, 31.713913028119443 ], [ 9.180584673773243, 31.713642362855303 ], [ 9.180901302481212, 31.713641914017437 ], [ 9.180900776966896, 31.713371248746515 ], [ 9.181217404748006, 31.713370799127102 ], [ 9.181216878320983, 31.713100133849395 ], [ 9.181533505175238, 31.713099683448437 ], [ 9.181532977835536, 31.712829018163951 ], [ 9.18216622968322, 31.712828115012787 ], [ 9.182165700511113, 31.712557449726255 ], [ 9.183115575469962, 31.712556089116934 ], [ 9.183115043545765, 31.712285423833194 ], [ 9.18406491568099, 31.712284056162087 ], [ 9.184064381004774, 31.712013390881207 ], [ 9.185330873405402, 31.712011556331753 ], [ 9.185331411760517, 31.712282221593352 ], [ 9.186281283744146, 31.712280837411374 ], [ 9.186281824865713, 31.712551502646914 ], [ 9.18691507465789, 31.712550575918037 ], [ 9.186916160601882, 31.713091906335102 ], [ 9.186599533869931, 31.713092370102409 ], [ 9.186600618003586, 31.713633700483168 ], [ 9.186283989424783, 31.713634163473952 ], [ 9.186285071748005, 31.714175493818399 ], [ 9.185968441322311, 31.714175956032619 ], [ 9.185968981575021, 31.714446621192433 ], [ 9.185652350222234, 31.714447082625213 ], [ 9.185652889562379, 31.714717747778355 ], [ 9.185336257282501, 31.714718208429677 ], [ 9.185336795710052, 31.714988873576139 ], [ 9.185020162503085, 31.714989333445988 ], [ 9.18502070001802, 31.71525999858579 ], [ 9.184704065883958, 31.715260457674145 ], [ 9.184705139095767, 31.715801787928836 ], [ 9.184388503114727, 31.7158022462405 ], [ 9.184389038811565, 31.716072911355383 ], [ 9.183439128065556, 31.716074281586749 ], [ 9.183440193961356, 31.716615611810777 ], [ 9.183123555191829, 31.716616066991435 ], [ 9.183124087230549, 31.716886732090963 ], [ 9.18280744753393, 31.716887186490034 ], [ 9.182807978659861, 31.717157851582822 ], [ 9.182491338036147, 31.717158305200289 ], [ 9.182492398469515, 31.717699635360869 ], [ 9.181859113520833, 31.717700540255652 ], [ 9.18185964190825, 31.71797120532818 ], [ 9.181542998503254, 31.717971656600728 ], [ 9.181543525977782, 31.718242321666473 ], [ 9.18122688164569, 31.718242772157343 ], [ 9.181227934776002, 31.718784102263783 ], [ 9.180911288596796, 31.718784551977677 ], [ 9.180912339915366, 31.719325882047521 ], [ 9.180595691889005, 31.71932633098443 ], [ 9.180596216638838, 31.719596996006789 ], [ 9.180279567685357, 31.719597444161955 ] ] ] } },
{ "type": "Feature", "properties": { "fid": 77, "DN": 1, "solidity": 1.0, "compactness": 0.78539816339744828, "area_m2": 900.71340196428355, "layer": "Oil Inventory 2005 (LS)", "path": "/Users/jmeloflorez-local/Research/oil-lakes/data/oil_inventory_2005_LS.gpkg", "year": 2005, "date": "2005-01-01" }, "geometry": { "type": "Polygon", "coordinates": [ [ [ 9.187547779620335, 31.71227898082816 ], [ 9.187547234827155, 31.712008315600613 ], [ 9.187863857858185, 31.712007849494132 ], [ 9.187864403571087, 31.712278514716772 ], [ 9.187547779620335, 31.71227898082816 ] ] ] } },
{ "type": "Feature", "properties": { "fid": 78, "DN": 1, "solidity": 0.75739644970414199, "compactness": 0.3490658503988659, "area_m2": 57645.747177334502, "layer": "Oil Inventory 2005 (LS)", "path": "/Users/jmeloflorez-local/Research/oil-lakes/data/oil_inventory_2005_LS.gpkg", "year": 2005, "date": "2005-01-01" }, "geometry": { "type": "Polygon", "coordinates": [ [ [ 9.166550032381746, 31.656009327331027 ], [ 9.166549549643598, 31.655738659405433 ], [ 9.166233117183703, 31.655739071931812 ], [ 9.166232153561177, 31.655197736037444 ], [ 9.166548584186792, 31.655197323519751 ], [ 9.166546653351142, 31.654114651610371 ], [ 9.166863080301848, 31.654114238325576 ], [ 9.166862596692107, 31.653843570323829 ], [ 9.167179022719232, 31.653843156258922 ], [ 9.167178538198939, 31.653572488250035 ], [ 9.167811388399494, 31.653571657775604 ], [ 9.167811874753905, 31.653842325775752 ], [ 9.168128300761431, 31.653841909357496 ], [ 9.168128788039459, 31.654112577341763 ], [ 9.168761641868963, 31.654111742143098 ], [ 9.168761152756792, 31.653841074167616 ], [ 9.17002685666842, 31.65383939437444 ], [ 9.170027349448876, 31.654110062332265 ], [ 9.169710922563816, 31.654110483461665 ], [ 9.169712398193692, 31.654922487279411 ], [ 9.169395968550724, 31.654922907637619 ], [ 9.169396950502824, 31.655464243467467 ], [ 9.169080519018994, 31.655464663050012 ], [ 9.169080028956772, 31.655193995136436 ], [ 9.168763598383482, 31.655194413930065 ], [ 9.168763109244976, 31.654923746000573 ], [ 9.168446679582221, 31.654924164005322 ], [ 9.168447167803604, 31.655194831939216 ], [ 9.168130737217158, 31.655195249163871 ], [ 9.168131224527979, 31.655465917090648 ], [ 9.16781479301784, 31.655466333535191 ], [ 9.167815765824857, 31.656007669362989 ], [ 9.166550032381746, 31.656009327331027 ] ] ] } },
{ "type": "Feature", "properties": { "fid": 79, "DN": 1, "solidity": 0.82444733420026006, "compactness": 0.32921813923569071, "area_m2": 285526.277617682, "layer": "Oil Inventory 2006 (LS)", "path": "/Users/jmeloflorez-local/Research/oil-lakes/data/oil_inventory_2006_LS.gpkg", "year": 2006, "date": "2006-01-01" }, "geometry": { "type": "Polygon", "coordinates": [ [ [ 9.179962918724829, 31.719597891530661 ], [ 9.179962395815114, 31.719327226498891 ], [ 9.17964574776761, 31.719327673076453 ], [ 9.179645225784979, 31.719057008028475 ], [ 9.179011931509008, 31.719057898814899 ], [ 9.17901141137347, 31.718787233746063 ], [ 9.178378118909578, 31.718788121377393 ], [ 9.178377600621083, 31.71851745628771 ], [ 9.179010891244928, 31.718516568665692 ], [ 9.179006730468524, 31.71635124760833 ], [ 9.178690092519833, 31.716351691775216 ], [ 9.178689054235516, 31.715810361386417 ], [ 9.179638962541157, 31.715809026554741 ], [ 9.179638440649816, 31.715538361357094 ], [ 9.179955075817782, 31.715537914845211 ], [ 9.179954030216429, 31.714996584424767 ], [ 9.180270663537627, 31.714996137135959 ], [ 9.180268568740006, 31.71391347617574 ], [ 9.180585198374834, 31.713913028119443 ], [ 9.180584673773243, 31.713642362855303 ], [ 9.180901302481212, 31.713641914017437 ], [ 9.180900776966896, 31.713371248746515 ], [ 9.182800543547073, 31.713368539236065 ], [ 9.182800012521177, 31.71309787398209 ], [ 9.184699773325496, 31.713095136194866 ], [ 9.184699236788177, 31.712824470958157 ], [ 9.186598991814042, 31.712821704894765 ], [ 9.186598449765448, 31.712551039675592 ], [ 9.187231699543027, 31.712550111374242 ], [ 9.187232243431119, 31.712820776583644 ], [ 9.186915617626234, 31.712821241132325 ], [ 9.186916160601882, 31.713091906335102 ], [ 9.186599533869931, 31.713092370102409 ], [ 9.186600618003586, 31.713633700483168 ], [ 9.186283989424783, 31.713634163473952 ], [ 9.186285071748005, 31.714175493818399 ], [ 9.185968441322311, 31.714175956032619 ], [ 9.185968981575021, 31.714446621192433 ], [ 9.185652350222234, 31.714447082625213 ], [ 9.185652889562379, 31.714717747778355 ], [ 9.185336257282501, 31.714718208429677 ], [ 9.185336795710052, 31.714988873576139 ], [ 9.185020162503085, 31.714989333445988 ], [ 9.185021237540187, 31.715530663714055 ], [ 9.184704602486251, 31.715531122807235 ], [ 9.184705139095767, 31.715801787928836 ], [ 9.184388503114727, 31.7158022462405 ], [ 9.184389038811565, 31.716072911355383 ], [ 9.184072401903421, 31.716073368885521 ], [ 9.184072936687555, 31.7163440339937 ], [ 9.183439661009871, 31.716344946704513 ], [ 9.183440193961356, 31.716615611810777 ], [ 9.183123555191829, 31.716616066991435 ], [ 9.183124087230549, 31.716886732090963 ], [ 9.18280744753393, 31.716887186490034 ], [ 9.182807978659861, 31.717157851582822 ], [ 9.182491338036147, 31.717158305200289 ], [ 9.182491868249263, 31.717428970286342 ], [ 9.182175226698456, 31.717429423122169 ], [ 9.182175755998735, 31.717700088201457 ], [ 9.181859113520833, 31.717700540255652 ], [ 9.18185964190825, 31.71797120532818 ], [ 9.181542998503254, 31.717971656600728 ], [ 9.181544053459405, 31.718512986720718 ], [ 9.181227408207304, 31.718513437216327 ], [ 9.181228461351786, 31.719054767299731 ], [ 9.180911814252545, 31.719055217018358 ], [ 9.180912339915366, 31.719325882047521 ], [ 9.180595691889005, 31.71932633098443 ], [ 9.180596216638838, 31.719596996006789 ], [ 9.179962918724829, 31.719597891530661 ] ] ] } },
{ "type": "Feature", "properties": { "fid": 80, "DN": 1, "solidity": 1.0, "compactness": 0.58904862254808621, "area_m2": 2702.1411211166705, "layer": "Oil Inventory 2006 (LS)", "path": "/Users/jmeloflorez-local/Research/oil-lakes/data/oil_inventory_2006_LS.gpkg", "year": 2006, "date": "2006-01-01" }, "geometry": { "type": "Polygon", "coordinates": [ [ [ 9.183115575469962, 31.712556089116934 ], [ 9.183115043545765, 31.712285423833194 ], [ 9.18406491568099, 31.712284056162087 ], [ 9.184065450364399, 31.712554721431449 ], [ 9.183115575469962, 31.712556089116934 ] ] ] } },
{ "type": "Feature", "properties": { "fid": 81, "DN": 1, "solidity": 1.0, "compactness": 0.78539816339744828, "area_m2": 900.71359047896112, "layer": "Oil Inventory 2006 (LS)", "path": "/Users/jmeloflorez-local/Research/oil-lakes/data/oil_inventory_2006_LS.gpkg", "year": 2006, "date": "2006-01-01" }, "geometry": { "type": "Polygon", "coordinates": [ [ [ 9.185014787751468, 31.71228268141488 ], [ 9.18501425031608, 31.712012016148456 ], [ 9.185330873405402, 31.712011556331753 ], [ 9.185331411760517, 31.712282221593352 ], [ 9.185014787751468, 31.71228268141488 ] ] ] } },
{ "type": "Feature", "properties": { "fid": 82, "DN": 1, "solidity": 0.7078651685393258, "compactness": 0.31667253948185115, "area_m2": 56745.032147413527, "layer": "Oil Inventory 2006 (LS)", "path": "/Users/jmeloflorez-local/Research/oil-lakes/data/oil_inventory_2006_LS.gpkg", "year": 2006, "date": "2006-01-01" }, "geometry": { "type": "Polygon", "coordinates": [ [ [ 9.167183383695331, 31.656279167821438 ], [ 9.167182899116344, 31.656008499916034 ], [ 9.166550032381746, 31.656009327331027 ], [ 9.166549549643598, 31.655738659405433 ], [ 9.166233117183703, 31.655739071931812 ], [ 9.166232153561177, 31.655197736037444 ], [ 9.166548584186792, 31.655197323519751 ], [ 9.16654713605031, 31.654385319604973 ], [ 9.166863563918099, 31.654384906315823 ], [ 9.166863080301848, 31.654114238325576 ], [ 9.167179507246045, 31.654113824256306 ], [ 9.167179022719232, 31.653843156258922 ], [ 9.167495448739835, 31.653842741409566 ], [ 9.167494963302483, 31.653572073405037 ], [ 9.167811388399494, 31.653571657775604 ], [ 9.167812361114862, 31.654112993764407 ], [ 9.169078068773846, 31.654111323367083 ], [ 9.169077578744604, 31.653840655396003 ], [ 9.16971043070043, 31.653839815499417 ], [ 9.169709938843665, 31.653569147525666 ], [ 9.170026363894596, 31.65356872640513 ], [ 9.170027349448876, 31.654110062332265 ], [ 9.169710922563816, 31.654110483461665 ], [ 9.169712398193692, 31.654922487279411 ], [ 9.169395968550724, 31.654922907637619 ], [ 9.169396950502824, 31.655464243467467 ], [ 9.169080519018994, 31.655464663050012 ], [ 9.169080028956772, 31.655193995136436 ], [ 9.168447167803604, 31.655194831939216 ], [ 9.16844765603156, 31.655465499861599 ], [ 9.16781479301784, 31.655466333535191 ], [ 9.167815765824857, 31.656007669362989 ], [ 9.167499332473867, 31.656008085031779 ], [ 9.167499817970024, 31.656278752932803 ], [ 9.167183383695331, 31.656279167821438 ] ] ] } },
{ "type": "Feature", "properties": { "fid": 83, "DN": 1, "solidity": 0.83636363636363631, "compactness": 0.50178215994836972, "area_m2": 20716.427296884183, "layer": "Oil Inventory 2007 (LS)", "path": "/Users/jmeloflorez-local/Research/oil-lakes/data/oil_inventory_2007_LS.gpkg", "year": 2007, "date": "2007-01-01" }, "geometry": { "type": "Polygon", "coordinates": [ [ [ 9.176170297542299, 31.72339250862813 ], [ 9.176169785576883, 31.72312184370179 ], [ 9.175853124563943, 31.723122280906288 ], [ 9.175852102494209, 31.722580951009878 ], [ 9.175535443314823, 31.722581387418636 ], [ 9.175533402938571, 31.72149872746931 ], [ 9.175850058437241, 31.721498291078895 ], [ 9.17585056944117, 31.721768956078915 ], [ 9.176800538656362, 31.721767642174768 ], [ 9.176801052427683, 31.722038307149457 ], [ 9.177117709739111, 31.722037867603753 ], [ 9.177119253855137, 31.72284986244491 ], [ 9.176802593783119, 31.722850302004485 ], [ 9.176803107582089, 31.72312096693312 ], [ 9.176486446582937, 31.723121405710739 ], [ 9.176486959468587, 31.723392070632482 ], [ 9.176170297542299, 31.72339250862813 ] ] ] } },
{ "type": "Feature", "properties": { "fid": 84, "DN": 1, "solidity": 0.81642512077294682, "compactness": 0.36767947261542594, "area_m2": 152220.63479375662, "layer": "Oil Inventory 2007 (LS)", "path": "/Users/jmeloflorez-local/Research/oil-lakes/data/oil_inventory_2007_LS.gpkg", "year": 2007, "date": "2007-01-01" }, "geometry": { "type": "Polygon", "coordinates": [ [ [ 9.180278520032855, 31.719056114096293 ], [ 9.180277996217177, 31.718785449046202 ], [ 9.17964470380937, 31.718786342968983 ], [ 9.179644181840784, 31.718515677897983 ], [ 9.17932753654636, 31.718516123675052 ], [ 9.179325973442733, 31.717704128378916 ], [ 9.179642615977162, 31.717703682615895 ], [ 9.179640528257313, 31.716621022078606 ], [ 9.180590444778957, 31.716619680127561 ], [ 9.180586772221954, 31.714725023842767 ], [ 9.181853301728447, 31.714723223698012 ], [ 9.181852773426336, 31.714452558487331 ], [ 9.183752561953566, 31.714449834709626 ], [ 9.183752028139621, 31.714179169516054 ], [ 9.185651810889349, 31.714176417460553 ], [ 9.185652889562379, 31.714717747778355 ], [ 9.185336257282501, 31.714718208429677 ], [ 9.185336795710052, 31.714988873576139 ], [ 9.185020162503085, 31.714989333445988 ], [ 9.18502070001802, 31.71525999858579 ], [ 9.184704065883958, 31.715260457674145 ], [ 9.184705139095767, 31.715801787928836 ], [ 9.184388503114727, 31.7158022462405 ], [ 9.184389038811565, 31.716072911355383 ], [ 9.18375576498808, 31.716073825629312 ], [ 9.183756298852304, 31.716344490742287 ], [ 9.183439661009871, 31.716344946704513 ], [ 9.183440193961356, 31.716615611810777 ], [ 9.183123555191829, 31.716616066991435 ], [ 9.183124087230549, 31.716886732090963 ], [ 9.18280744753393, 31.716887186490034 ], [ 9.182807978659861, 31.717157851582822 ], [ 9.182491338036147, 31.717158305200289 ], [ 9.182491868249263, 31.717428970286342 ], [ 9.182175226698456, 31.717429423122169 ], [ 9.182175755998735, 31.717700088201457 ], [ 9.181542471035822, 31.717700991523451 ], [ 9.181543525977782, 31.718242321666473 ], [ 9.18122688164569, 31.718242772157343 ], [ 9.181227934776002, 31.718784102263783 ], [ 9.180911288596796, 31.718784551977677 ], [ 9.180911814252545, 31.719055217018358 ], [ 9.180278520032855, 31.719056114096293 ] ] ] } },
{ "type": "Feature", "properties": { "fid": 85, "DN": 1, "solidity": 0.84482758620689657, "compactness": 0.42642116350664783, "area_m2": 44134.973700840492, "layer": "Oil Inventory 2007 (LS)", "path": "/Users/jmeloflorez-local/Research/oil-lakes/data/oil_inventory_2007_LS.gpkg", "year": 2007, "date": "2007-01-01" }, "geometry": { "type": "Polygon", "coordinates": [ [ [ 9.180902353531064, 31.714183244524765 ], [ 9.180901302481212, 31.713641914017437 ], [ 9.181217931182111, 31.713641464393305 ], [ 9.181217404748006, 31.713370799127102 ], [ 9.181534032522036, 31.713370348721433 ], [ 9.181533505175238, 31.713099683448437 ], [ 9.181850132022396, 31.713099232261246 ], [ 9.181849603762933, 31.712828566981482 ], [ 9.18248285559639, 31.712827662257826 ], [ 9.182482325504532, 31.712556996976058 ], [ 9.184698700258075, 31.712553805709923 ], [ 9.184699773325496, 31.713095136194866 ], [ 9.185016400101022, 31.713094677145094 ], [ 9.185017475036881, 31.713636007574344 ], [ 9.183434331889387, 31.713638295008693 ], [ 9.183434864769168, 31.713908960230093 ], [ 9.181535087236917, 31.713911679232851 ], [ 9.181535614605002, 31.714182344471308 ], [ 9.180902353531064, 31.714183244524765 ] ] ] } },
{ "type": "Feature", "properties": { "fid": 86, "DN": 1, "solidity": 0.79012345679012341, "compactness": 0.41541721039203877, "area_m2": 57645.746797866217, "layer": "Oil Inventory 2007 (LS)", "path": "/Users/jmeloflorez-local/Research/oil-lakes/data/oil_inventory_2007_LS.gpkg", "year": 2007, "date": "2007-01-01" }, "geometry": { "type": "Polygon", "coordinates": [ [ [ 9.166550515126392, 31.656279995245129 ], [ 9.166550032381746, 31.656009327331027 ], [ 9.166233599004695, 31.656009739861748 ], [ 9.166231671759641, 31.654927068073018 ], [ 9.166548101468134, 31.654926655559656 ], [ 9.16654713605031, 31.654385319604973 ], [ 9.167812847482367, 31.654383661741562 ], [ 9.167812361114862, 31.654112993764407 ], [ 9.169710922563816, 31.654110483461665 ], [ 9.16971043070043, 31.653839815499417 ], [ 9.17002685666842, 31.65383939437444 ], [ 9.170028827830039, 31.65492206613672 ], [ 9.169712398193692, 31.654922487279411 ], [ 9.169713381980044, 31.655463823100423 ], [ 9.169080519018994, 31.655464663050012 ], [ 9.169080028956772, 31.655193995136436 ], [ 9.168447167803604, 31.655194831939216 ], [ 9.16844765603156, 31.655465499861599 ], [ 9.168131224527979, 31.655465917090648 ], [ 9.168131711845358, 31.655736585005918 ], [ 9.167815279418075, 31.655737001454845 ], [ 9.167815765824857, 31.656007669362989 ], [ 9.167499332473867, 31.656008085031779 ], [ 9.167499817970024, 31.656278752932803 ], [ 9.166550515126392, 31.656279995245129 ] ] ] } },
{ "type": "Feature", "properties": { "fid": 87, "DN": 1, "solidity": 1.0, "compactness": 0.78539816339744828, "area_m2": 900.71481685011531, "layer": "Oil Inventory 2007 (LS)", "path": "/Users/jmeloflorez-local/Research/oil-lakes/data/oil_inventory_2007_LS.gpkg", "year": 2007, "date": "2007-01-01" }, "geometry": { "type": "Polygon", "coordinates": [ [ [ 9.167495448739835, 31.653842741409566 ], [ 9.167494963302483, 31.653572073405037 ], [ 9.167811388399494, 31.653571657775604 ], [ 9.167811874753905, 31.653842325775752 ], [ 9.167495448739835, 31.653842741409566 ] ] ] } },
{ "type": "Feature", "properties": { "fid": 88, "DN": 1, "solidity": 0.86746987951807231, "compactness": 0.50265482457436683, "area_m2": 32425.713256997347, "layer": "Oil Inventory 2008 (LS)", "path": "/Users/jmeloflorez-local/Research/oil-lakes/data/oil_inventory_2008_LS.gpkg", "year": 2008, "date": "2008-01-01" }, "geometry": { "type": "Polygon", "coordinates": [ [ [ 9.175536973669074, 31.723393382259722 ], [ 9.175536463544129, 31.723122717324209 ], [ 9.175219802517448, 31.723123152955573 ], [ 9.175218784128576, 31.722581823040837 ], [ 9.174902124935477, 31.722582257876496 ], [ 9.174900600164102, 31.721770262904347 ], [ 9.175217256596646, 31.721769828082394 ], [ 9.175216747433039, 31.721499163073208 ], [ 9.175533402938571, 31.72149872746931 ], [ 9.175532892861664, 31.721228062453193 ], [ 9.175849547440189, 31.721227626067364 ], [ 9.175850058437241, 31.721498291078895 ], [ 9.176166713929039, 31.721497853901958 ], [ 9.176167225853126, 31.721768518897381 ], [ 9.176483882258195, 31.721768080929341 ], [ 9.176484395109343, 31.722038745908637 ], [ 9.176801052427683, 31.722038307149457 ], [ 9.176801566205917, 31.72230897211265 ], [ 9.177118224437528, 31.722308532562312 ], [ 9.177119253855137, 31.72284986244491 ], [ 9.176802593783119, 31.722850302004485 ], [ 9.176803107582089, 31.72312096693312 ], [ 9.176486446582937, 31.723121405710739 ], [ 9.176486959468587, 31.723392070632482 ], [ 9.175536973669074, 31.723393382259722 ] ] ] } },
{ "type": "Feature", "properties": { "fid": 89, "DN": 1, "solidity": 0.8539325842696629, "compactness": 0.38738946728960127, "area_m2": 205362.74713862361, "layer": "Oil Inventory 2008 (LS)", "path": "/Users/jmeloflorez-local/Research/oil-lakes/data/oil_inventory_2008_LS.gpkg", "year": 2008, "date": "2008-01-01" }, "geometry": { "type": "Polygon", "coordinates": [ [ [ 9.180278520032855, 31.719056114096293 ], [ 9.180277996217177, 31.718785449046202 ], [ 9.17964470380937, 31.718786342968983 ], [ 9.179644181840784, 31.718515677897983 ], [ 9.17932753654636, 31.718516123675052 ], [ 9.179325973442733, 31.717704128378916 ], [ 9.179642615977162, 31.717703682615895 ], [ 9.179640528257313, 31.716621022078606 ], [ 9.180590444778957, 31.716619680127561 ], [ 9.180585722983482, 31.71418369337206 ], [ 9.180902353531064, 31.714183244524765 ], [ 9.180901302481212, 31.713641914017437 ], [ 9.181217931182111, 31.713641464393305 ], [ 9.181217404748006, 31.713370799127102 ], [ 9.181534032522036, 31.713370348721433 ], [ 9.181533505175238, 31.713099683448437 ], [ 9.182166758862447, 31.71309878028778 ], [ 9.18216622968322, 31.712828115012787 ], [ 9.18311610740132, 31.712826754389159 ], [ 9.183115575469962, 31.712556089116934 ], [ 9.18438207531484, 31.712554263963803 ], [ 9.184383682167518, 31.713366259688403 ], [ 9.184700309870037, 31.713365801420078 ], [ 9.184701382980775, 31.713907131835942 ], [ 9.185018012515659, 31.713906672771699 ], [ 9.185018550001667, 31.714177337957544 ], [ 9.18533518044913, 31.71417687810219 ], [ 9.185336257282501, 31.714718208429677 ], [ 9.18501962499538, 31.714718668294694 ], [ 9.185020162503085, 31.714989333445988 ], [ 9.184703529288882, 31.714989792529515 ], [ 9.184704602486251, 31.715531122807235 ], [ 9.184387967425097, 31.715531581114089 ], [ 9.184388503114727, 31.7158022462405 ], [ 9.18407186712648, 31.715802703765821 ], [ 9.184072401903421, 31.716073368885521 ], [ 9.18375576498808, 31.716073825629312 ], [ 9.183756298852304, 31.716344490742287 ], [ 9.183123023160267, 31.716345401880393 ], [ 9.183124087230549, 31.716886732090963 ], [ 9.18280744753393, 31.716887186490034 ], [ 9.182807978659861, 31.717157851582822 ], [ 9.182491338036147, 31.717158305200289 ], [ 9.182491868249263, 31.717428970286342 ], [ 9.181858585140528, 31.717429875171621 ], [ 9.181859113520833, 31.717700540255652 ], [ 9.181542471035822, 31.717700991523451 ], [ 9.181542998503254, 31.717971656600728 ], [ 9.181226355091161, 31.717972107086862 ], [ 9.181227408207304, 31.718513437216327 ], [ 9.18091076294812, 31.7185138869255 ], [ 9.180911288596796, 31.718784551977677 ], [ 9.180594642410515, 31.718785000905147 ], [ 9.180595167146231, 31.719055665950545 ], [ 9.180278520032855, 31.719056114096293 ] ] ] } },
{ "type": "Feature", "properties": { "fid": 90, "DN": 1, "solidity": 0.7441860465116279, "compactness": 0.32169908772759481, "area_m2": 57645.747134227975, "layer": "Oil Inventory 2008 (LS)", "path": "/Users/jmeloflorez-local/Research/oil-lakes/data/oil_inventory_2008_LS.gpkg", "year": 2008, "date": "2008-01-01" }, "geometry": { "type": "Polygon", "coordinates": [ [ [ 9.166866949414116, 31.656279581925546 ], [ 9.1668664657523, 31.656008914015796 ], [ 9.166550032381746, 31.656009327331027 ], [ 9.166549549643598, 31.655738659405433 ], [ 9.166233117183703, 31.655739071931812 ], [ 9.166232635369198, 31.65546840399038 ], [ 9.166549066911946, 31.655467991468342 ], [ 9.166548584186792, 31.655197323519751 ], [ 9.166232153561177, 31.655197736037444 ], [ 9.166231671759641, 31.654927068073018 ], [ 9.166548101468134, 31.654926655559656 ], [ 9.16654713605031, 31.654385319604973 ], [ 9.166863563918099, 31.654384906315823 ], [ 9.166862596692107, 31.653843570323829 ], [ 9.167495448739835, 31.653842741409566 ], [ 9.167494963302483, 31.653572073405037 ], [ 9.167811388399494, 31.653571657775604 ], [ 9.167811874753905, 31.653842325775752 ], [ 9.168128300761431, 31.653841909357496 ], [ 9.168128788039459, 31.654112577341763 ], [ 9.169078068773846, 31.654111323367083 ], [ 9.169077578744604, 31.653840655396003 ], [ 9.169394004725822, 31.65384023583994 ], [ 9.169393513786115, 31.653569567861762 ], [ 9.169709938843665, 31.653569147525666 ], [ 9.16971043070043, 31.653839815499417 ], [ 9.17002685666842, 31.65383939437444 ], [ 9.170027349448876, 31.654110062332265 ], [ 9.169710922563816, 31.654110483461665 ], [ 9.169712398193692, 31.654922487279411 ], [ 9.169395968550724, 31.654922907637619 ], [ 9.169396459523469, 31.655193575558293 ], [ 9.168447167803604, 31.655194831939216 ], [ 9.16844765603156, 31.655465499861599 ], [ 9.16781479301784, 31.655466333535191 ], [ 9.167815765824857, 31.656007669362989 ], [ 9.167182899116344, 31.656008499916034 ], [ 9.167183383695331, 31.656279167821438 ], [ 9.166866949414116, 31.656279581925546 ] ] ] } },
{ "type": "Feature", "properties": { "fid": 91, "DN": 1, "solidity": 1.0, "compactness": 0.78539816339744828, "area_m2": 900.7114570956619, "layer": "Oil Inventory 2008 (LS)", "path": "/Users/jmeloflorez-local/Research/oil-lakes/data/oil_inventory_2008_LS.gpkg", "year": 2008, "date": "2008-01-01" }, "geometry": { "type": "Polygon", "coordinates": [ [ [ 9.211765567219105, 31.640784876030832 ], [ 9.211764953790725, 31.640514208166554 ], [ 9.212081333847483, 31.640513682980927 ], [ 9.212081948192317, 31.64078435083967 ], [ 9.211765567219105, 31.640784876030832 ] ] ] } },
{ "type": "Feature", "properties": { "fid": 92, "DN": 1, "solidity": 1.0, "compactness": 0.78539816339744828, "area_m2": 900.71134963468648, "layer": "Oil Inventory 2008 (LS)", "path": "/Users/jmeloflorez-local/Research/oil-lakes/data/oil_inventory_2008_LS.gpkg", "year": 2008, "date": "2008-01-01" }, "geometry": { "type": "Polygon", "coordinates": [ [ [ 9.213028005674365, 31.639429431236298 ], [ 9.213027388621697, 31.639158763336674 ], [ 9.21334376406322, 31.639158235042682 ], [ 9.213344382032279, 31.639428902936746 ], [ 9.213028005674365, 31.639429431236298 ] ] ] } },
{ "type": "Feature", "properties": { "fid": 93, "DN": 1, "solidity": 0.86580086580086579, "compactness": 0.39253552522987833, "area_m2": 270214.1340365489, "layer": "Oil Inventory 2009 (LS)", "path": "/Users/jmeloflorez-local/Research/oil-lakes/data/oil_inventory_2009_LS.gpkg", "year": 2009, "date": "2009-01-01" }, "geometry": { "type": "Polygon", "coordinates": [ [ [ 9.179961872912434, 31.719056561455602 ], [ 9.179961350016791, 31.718785896400806 ], [ 9.179328057594924, 31.718786788750737 ], [ 9.17932336841022, 31.716350802655089 ], [ 9.179006730468524, 31.71635124760833 ], [ 9.179006210402962, 31.716080582424365 ], [ 9.180272758447989, 31.716078797912001 ], [ 9.180271187254647, 31.715266802347241 ], [ 9.180587821488659, 31.715266354267413 ], [ 9.180585198374834, 31.713913028119443 ], [ 9.180901828002602, 31.713912579276858 ], [ 9.180901302481212, 31.713641914017437 ], [ 9.181217931182111, 31.713641464393305 ], [ 9.181217404748006, 31.713370799127102 ], [ 9.181534032522036, 31.713370348721433 ], [ 9.181533505175238, 31.713099683448437 ], [ 9.181850132022396, 31.713099232261246 ], [ 9.181849603762933, 31.712828566981482 ], [ 9.18248285559639, 31.712827662257826 ], [ 9.182482325504532, 31.712556996976058 ], [ 9.183748825406765, 31.712555178112851 ], [ 9.183748291643091, 31.712284512838689 ], [ 9.185964659756868, 31.712281299591595 ], [ 9.185965199958696, 31.712551964831992 ], [ 9.186598449765448, 31.712551039675592 ], [ 9.186600075933113, 31.713363035298556 ], [ 9.186283448274093, 31.713363498284469 ], [ 9.186284530582753, 31.713904828651931 ], [ 9.18596790107687, 31.713905290861302 ], [ 9.185968441322311, 31.714175956032619 ], [ 9.185651810889349, 31.714176417460553 ], [ 9.185652889562379, 31.714717747778355 ], [ 9.185336257282501, 31.714718208429677 ], [ 9.185336795710052, 31.714988873576139 ], [ 9.185020162503085, 31.714989333445988 ], [ 9.18502070001802, 31.71525999858579 ], [ 9.184704065883958, 31.715260457674145 ], [ 9.184704602486251, 31.715531122807235 ], [ 9.184387967425097, 31.715531581114089 ], [ 9.184388503114727, 31.7158022462405 ], [ 9.18407186712648, 31.715802703765821 ], [ 9.184072401903421, 31.716073368885521 ], [ 9.18375576498808, 31.716073825629312 ], [ 9.183756298852304, 31.716344490742287 ], [ 9.183439661009871, 31.716344946704513 ], [ 9.183440193961356, 31.716615611810777 ], [ 9.183123555191829, 31.716616066991435 ], [ 9.183124087230549, 31.716886732090963 ], [ 9.18280744753393, 31.716887186490034 ], [ 9.182807978659861, 31.717157851582822 ], [ 9.182491338036147, 31.717158305200289 ], [ 9.182491868249263, 31.717428970286342 ], [ 9.182175226698456, 31.717429423122169 ], [ 9.182175755998735, 31.717700088201457 ], [ 9.181859113520833, 31.717700540255652 ], [ 9.18185964190825, 31.71797120532818 ], [ 9.181542998503254, 31.717971656600728 ], [ 9.181543525977782, 31.718242321666473 ], [ 9.18122688164569, 31.718242772157343 ], [ 9.181227408207304, 31.718513437216327 ], [ 9.18091076294812, 31.7185138869255 ], [ 9.180911814252545, 31.719055217018358 ], [ 9.179961872912434, 31.719056561455602 ] ] ] } },
{ "type": "Feature", "properties": { "fid": 94, "DN": 1, "solidity": 0.78947368421052633, "compactness": 0.47123889803846897, "area_m2": 13510.722759776487, "layer": "Oil Inventory 2009 (LS)", "path": "/Users/jmeloflorez-local/Research/oil-lakes/data/oil_inventory_2009_LS.gpkg", "year": 2009, "date": "2009-01-01" }, "geometry": { "type": "Polygon", "coordinates": [ [ [ 9.166865982096994, 31.655738246094547 ], [ 9.166865498448196, 31.655467578161801 ], [ 9.166549066911946, 31.655467991468342 ], [ 9.16654713605031, 31.654385319604973 ], [ 9.167179991779381, 31.654384492242208 ], [ 9.167179507246045, 31.654113824256306 ], [ 9.167495934183721, 31.654113409402591 ], [ 9.167496419634141, 31.654384077384119 ], [ 9.167812847482367, 31.654383661741562 ], [ 9.16781382023701, 31.654924997661375 ], [ 9.16749739055458, 31.654925413312668 ], [ 9.167497876024601, 31.6551960812597 ], [ 9.167181445418514, 31.655196496130877 ], [ 9.16718241454388, 31.655737831999154 ], [ 9.166865982096994, 31.655738246094547 ] ] ] } },
{ "type": "Feature", "properties": { "fid": 95, "DN": 1, "solidity": 0.8571428571428571, "compactness": 0.58904862254808621, "area_m2": 2702.1442962647416, "layer": "Oil Inventory 2009 (LS)", "path": "/Users/jmeloflorez-local/Research/oil-lakes/data/oil_inventory_2009_LS.gpkg", "year": 2009, "date": "2009-01-01" }, "geometry": { "type": "Polygon", "coordinates": [ [ [ 9.16811758230391, 31.647887210794259 ], [ 9.168116608056051, 31.647345874285286 ], [ 9.16874941603939, 31.647345039306224 ], [ 9.168749904993591, 31.647615707557684 ], [ 9.168433500088431, 31.647616125443726 ], [ 9.168433988132426, 31.647886793688087 ], [ 9.16811758230391, 31.647887210794259 ] ] ] } },
{ "type": "Feature", "properties": { "fid": 96, "DN": 1, "solidity": 0.87323943661971826, "compactness": 0.38955748904513432, "area_m2": 279221.27802124823, "layer": "Oil Inventory 2010 (LS)", "path": "/Users/jmeloflorez-local/Research/oil-lakes/data/oil_inventory_2010_LS.gpkg", "year": 2010, "date": "2010-01-01" }, "geometry": { "type": "Polygon", "coordinates": [ [ [ 9.179962395815114, 31.719327226498891 ], [ 9.179961872912434, 31.719056561455602 ], [ 9.179328578650498, 31.719057453814912 ], [ 9.179328057594924, 31.718786788750737 ], [ 9.17901141137347, 31.718787233746063 ], [ 9.179008810800747, 31.717433908229122 ], [ 9.17932545242221, 31.717433463257173 ], [ 9.179323889402703, 31.716621467822879 ], [ 9.179007250541083, 31.716621912780795 ], [ 9.179006210402962, 31.716080582424365 ], [ 9.179956121447272, 31.716079245219611 ], [ 9.179955598629011, 31.715808580038171 ], [ 9.180272234709829, 31.715808132735255 ], [ 9.180269092428841, 31.714184141433062 ], [ 9.180585722983482, 31.71418369337206 ], [ 9.180584673773243, 31.713642362855303 ], [ 9.180901302481212, 31.713641914017437 ], [ 9.180900776966896, 31.713371248746515 ], [ 9.181217404748006, 31.713370799127102 ], [ 9.181216878320983, 31.713100133849395 ], [ 9.181533505175238, 31.713099683448437 ], [ 9.181532977835536, 31.712829018163951 ], [ 9.18248285559639, 31.712827662257826 ], [ 9.182482325504532, 31.712556996976058 ], [ 9.183432200441949, 31.712555634008019 ], [ 9.183431667598011, 31.712284968729055 ], [ 9.185014787751468, 31.71228268141488 ], [ 9.185015325194088, 31.712553346669804 ], [ 9.185965199958696, 31.712551964831992 ], [ 9.185966280384161, 31.713093295278252 ], [ 9.186282907130686, 31.713092833083461 ], [ 9.186284530582753, 31.713904828651931 ], [ 9.18596790107687, 31.713905290861302 ], [ 9.185968441322311, 31.714175956032619 ], [ 9.185651810889349, 31.714176417460553 ], [ 9.185652350222234, 31.714447082625213 ], [ 9.185335718862193, 31.714447543271692 ], [ 9.185336795710052, 31.714988873576139 ], [ 9.185020162503085, 31.714989333445988 ], [ 9.18502070001802, 31.71525999858579 ], [ 9.184704065883958, 31.715260457674145 ], [ 9.184704602486251, 31.715531122807235 ], [ 9.184387967425097, 31.715531581114089 ], [ 9.184388503114727, 31.7158022462405 ], [ 9.18407186712648, 31.715802703765821 ], [ 9.184072401903421, 31.716073368885521 ], [ 9.18375576498808, 31.716073825629312 ], [ 9.183756298852304, 31.716344490742287 ], [ 9.183123023160267, 31.716345401880393 ], [ 9.183124087230549, 31.716886732090963 ], [ 9.18280744753393, 31.716887186490034 ], [ 9.182807978659861, 31.717157851582822 ], [ 9.182491338036147, 31.717158305200289 ], [ 9.182491868249263, 31.717428970286342 ], [ 9.182175226698456, 31.717429423122169 ], [ 9.182175755998735, 31.717700088201457 ], [ 9.181542471035822, 31.717700991523451 ], [ 9.181543525977782, 31.718242321666473 ], [ 9.18122688164569, 31.718242772157343 ], [ 9.181227934776002, 31.718784102263783 ], [ 9.180911288596796, 31.718784551977677 ], [ 9.180911814252545, 31.719055217018358 ], [ 9.180595167146231, 31.719055665950545 ], [ 9.180595691889005, 31.71932633098443 ], [ 9.179962395815114, 31.719327226498891 ] ] ] } },
{ "type": "Feature", "properties": { "fid": 97, "DN": 1, "solidity": 0.9285714285714286, "compactness": 0.63813600776042678, "area_m2": 11709.293126301607, "layer": "Oil Inventory 2010 (LS)", "path": "/Users/jmeloflorez-local/Research/oil-lakes/data/oil_inventory_2010_LS.gpkg", "year": 2010, "date": "2010-01-01" }, "geometry": { "type": "Polygon", "coordinates": [ [ [ 9.166549549643598, 31.655738659405433 ], [ 9.16654713605031, 31.654385319604973 ], [ 9.167179991779381, 31.654384492242208 ], [ 9.167180476319237, 31.654655160216592 ], [ 9.167496905091093, 31.654654745354136 ], [ 9.167498361501156, 31.65546674919522 ], [ 9.167181929977936, 31.655467164070767 ], [ 9.16718241454388, 31.655737831999154 ], [ 9.166549549643598, 31.655738659405433 ] ] ] } },
{ "type": "Feature", "properties": { "fid": 98, "DN": 1, "solidity": 0.80769230769230771, "compactness": 0.45814892864851153, "area_m2": 18914.998935174051, "layer": "Oil Inventory 2011 (LS)", "path": "/Users/jmeloflorez-local/Research/oil-lakes/data/oil_inventory_2011_LS.gpkg", "year": 2011, "date": "2011-01-01" }, "geometry": { "type": "Polygon", "coordinates": [ [ [ 9.175853635609124, 31.723392945837215 ], [ 9.175852102494209, 31.722580951009878 ], [ 9.175535443314823, 31.722581387418636 ], [ 9.175533402938571, 31.72149872746931 ], [ 9.175850058437241, 31.721498291078895 ], [ 9.17585056944117, 31.721768956078915 ], [ 9.176483882258195, 31.721768080929341 ], [ 9.176484395109343, 31.722038745908637 ], [ 9.176801052427683, 31.722038307149457 ], [ 9.176801566205917, 31.72230897211265 ], [ 9.177118224437528, 31.722308532562312 ], [ 9.17711873914287, 31.722579197509372 ], [ 9.176802079991061, 31.722579637064321 ], [ 9.176803107582089, 31.72312096693312 ], [ 9.176486446582937, 31.723121405710739 ], [ 9.176486959468587, 31.723392070632482 ], [ 9.175853635609124, 31.723392945837215 ] ] ] } },
{ "type": "Feature", "properties": { "fid": 99, "DN": 1, "solidity": 0.86980609418282551, "compactness": 0.39458403729087804, "area_m2": 282824.13040222536, "layer": "Oil Inventory 2011 (LS)", "path": "/Users/jmeloflorez-local/Research/oil-lakes/data/oil_inventory_2011_LS.gpkg", "year": 2011, "date": "2011-01-01" }, "geometry": { "type": "Polygon", "coordinates": [ [ [ 9.179962395815114, 31.719327226498891 ], [ 9.179961872912434, 31.719056561455602 ], [ 9.179328578650498, 31.719057453814912 ], [ 9.179328057594924, 31.718786788750737 ], [ 9.17901141137347, 31.718787233746063 ], [ 9.179009330901295, 31.71770457335553 ], [ 9.179325973442733, 31.717704128378916 ], [ 9.179323889402703, 31.716621467822879 ], [ 9.179007250541083, 31.716621912780795 ], [ 9.179006210402962, 31.716080582424365 ], [ 9.180272758447989, 31.716078797912001 ], [ 9.180270139827652, 31.71472547191318 ], [ 9.180586772221954, 31.714725023842767 ], [ 9.180585198374834, 31.713913028119443 ], [ 9.180901828002602, 31.713912579276858 ], [ 9.180901302481212, 31.713641914017437 ], [ 9.181217931182111, 31.713641464393305 ], [ 9.181216878320983, 31.713100133849395 ], [ 9.181850132022396, 31.713099232261246 ], [ 9.181849603762933, 31.712828566981482 ], [ 9.18248285559639, 31.712827662257826 ], [ 9.182482325504532, 31.712556996976058 ], [ 9.183432200441949, 31.712555634008019 ], [ 9.183431667598011, 31.712284968729055 ], [ 9.185964659756868, 31.712281299591595 ], [ 9.185965199958696, 31.712551964831992 ], [ 9.186281824865713, 31.712551502646914 ], [ 9.186284530582753, 31.713904828651931 ], [ 9.18596790107687, 31.713905290861302 ], [ 9.185968981575021, 31.714446621192433 ], [ 9.185652350222234, 31.714447082625213 ], [ 9.185652889562379, 31.714717747778355 ], [ 9.185336257282501, 31.714718208429677 ], [ 9.185336795710052, 31.714988873576139 ], [ 9.185020162503085, 31.714989333445988 ], [ 9.18502070001802, 31.71525999858579 ], [ 9.184704065883958, 31.715260457674145 ], [ 9.184705139095767, 31.715801787928836 ], [ 9.184388503114727, 31.7158022462405 ], [ 9.184389038811565, 31.716072911355383 ], [ 9.18375576498808, 31.716073825629312 ], [ 9.183756298852304, 31.716344490742287 ], [ 9.183439661009871, 31.716344946704513 ], [ 9.183440193961356, 31.716615611810777 ], [ 9.183123555191829, 31.716616066991435 ], [ 9.183124087230549, 31.716886732090963 ], [ 9.18280744753393, 31.716887186490034 ], [ 9.182807978659861, 31.717157851582822 ], [ 9.182491338036147, 31.717158305200289 ], [ 9.182491868249263, 31.717428970286342 ], [ 9.182175226698456, 31.717429423122169 ], [ 9.182175755998735, 31.717700088201457 ], [ 9.181859113520833, 31.717700540255652 ], [ 9.18185964190825, 31.71797120532818 ], [ 9.181542998503254, 31.717971656600728 ], [ 9.181543525977782, 31.718242321666473 ], [ 9.18122688164569, 31.718242772157343 ], [ 9.181227934776002, 31.718784102263783 ], [ 9.180911288596796, 31.718784551977677 ], [ 9.180911814252545, 31.719055217018358 ], [ 9.180595167146231, 31.719055665950545 ], [ 9.180595691889005, 31.71932633098443 ], [ 9.179962395815114, 31.719327226498891 ] ] ] } },
{ "type": "Feature", "properties": { "fid": 100, "DN": 1, "solidity": 1.0, "compactness": 0.58904862254808621, "area_m2": 2702.1445773515152, "layer": "Oil Inventory 2011 (LS)", "path": "/Users/jmeloflorez-local/Research/oil-lakes/data/oil_inventory_2011_LS.gpkg", "year": 2011, "date": "2011-01-01" }, "geometry": { "type": "Polygon", "coordinates": [ [ [ 9.166865982096994, 31.655738246094547 ], [ 9.16686453117013, 31.654926242261805 ], [ 9.167180960865617, 31.654925828179479 ], [ 9.16718241454388, 31.655737831999154 ], [ 9.166865982096994, 31.655738246094547 ] ] ] } },
{ "type": "Feature", "properties": { "fid": 101, "DN": 1, "solidity": 0.8, "compactness": 0.44614333542103574, "area_m2": 21617.141752677911, "layer": "Oil Inventory 2012 (LS)", "path": "/Users/jmeloflorez-local/Research/oil-lakes/data/oil_inventory_2012_LS.gpkg", "year": 2012, "date": "2012-01-01" }, "geometry": { "type": "Polygon", "coordinates": [ [ [ 9.175853635609124, 31.723392945837215 ], [ 9.175852613525638, 31.722851615963833 ], [ 9.175535953426044, 31.722852052377167 ], [ 9.175534933210466, 31.722310722448569 ], [ 9.175218274944415, 31.722311158066205 ], [ 9.175217765767107, 31.722040493080055 ], [ 9.175534423112973, 31.722040057466991 ], [ 9.175533402938571, 31.72149872746931 ], [ 9.175850058437241, 31.721498291078895 ], [ 9.17585056944117, 31.721768956078915 ], [ 9.176483882258195, 31.721768080929341 ], [ 9.176484395109343, 31.722038745908637 ], [ 9.176801052427683, 31.722038307149457 ], [ 9.176801566205917, 31.72230897211265 ], [ 9.177118224437528, 31.722308532562312 ], [ 9.177119253855137, 31.72284986244491 ], [ 9.176802593783119, 31.722850302004485 ], [ 9.176803107582089, 31.72312096693312 ], [ 9.176486446582937, 31.723121405710739 ], [ 9.176486959468587, 31.723392070632482 ], [ 9.175853635609124, 31.723392945837215 ] ] ] } },
{ "type": "Feature", "properties": { "fid": 102, "DN": 1, "solidity": 0.85900783289817229, "compactness": 0.38224259727479359, "area_m2": 296334.83746337978, "layer": "Oil Inventory 2012 (LS)", "path": "/Users/jmeloflorez-local/Research/oil-lakes/data/oil_inventory_2012_LS.gpkg", "year": 2012, "date": "2012-01-01" }, "geometry": { "type": "Polygon", "coordinates": [ [ [ 9.179962395815114, 31.719327226498891 ], [ 9.179961872912434, 31.719056561455602 ], [ 9.179645225784979, 31.719057008028475 ], [ 9.17964470380937, 31.718786342968983 ], [ 9.17901141137347, 31.718787233746063 ], [ 9.179008810800747, 31.717433908229122 ], [ 9.17932545242221, 31.717433463257173 ], [ 9.179324410402195, 31.716892132979151 ], [ 9.17900777062064, 31.716892577941746 ], [ 9.179006210402962, 31.716080582424365 ], [ 9.179639484439521, 31.716079691740884 ], [ 9.179638962541157, 31.715809026554741 ], [ 9.179955598629011, 31.715808580038171 ], [ 9.179955075817782, 31.715537914845211 ], [ 9.180271710978715, 31.715537467547001 ], [ 9.180269092428841, 31.714184141433062 ], [ 9.180585722983482, 31.71418369337206 ], [ 9.180584673773243, 31.713642362855303 ], [ 9.180901302481212, 31.713641914017437 ], [ 9.180900776966896, 31.713371248746515 ], [ 9.181217404748006, 31.713370799127102 ], [ 9.181216878320983, 31.713100133849395 ], [ 9.181533505175238, 31.713099683448437 ], [ 9.181532977835536, 31.712829018163951 ], [ 9.18216622968322, 31.712828115012787 ], [ 9.182165700511113, 31.712557449726255 ], [ 9.183432200441949, 31.712555634008019 ], [ 9.183431667598011, 31.712284968729055 ], [ 9.184381539711692, 31.712283598699248 ], [ 9.184381004115753, 31.712012933423182 ], [ 9.184697627219526, 31.712012475178931 ], [ 9.18469816373519, 31.712283140450179 ], [ 9.185964659756868, 31.712281299591595 ], [ 9.185965199958696, 31.712551964831992 ], [ 9.186598449765448, 31.712551039675592 ], [ 9.186600618003586, 31.713633700483168 ], [ 9.186283989424783, 31.713634163473952 ], [ 9.186284530582753, 31.713904828651931 ], [ 9.18596790107687, 31.713905290861302 ], [ 9.185968981575021, 31.714446621192433 ], [ 9.185652350222234, 31.714447082625213 ], [ 9.185652889562379, 31.714717747778355 ], [ 9.185336257282501, 31.714718208429677 ], [ 9.185336795710052, 31.714988873576139 ], [ 9.185020162503085, 31.714989333445988 ], [ 9.18502070001802, 31.71525999858579 ], [ 9.184704065883958, 31.715260457674145 ], [ 9.184705139095767, 31.715801787928836 ], [ 9.184388503114727, 31.7158022462405 ], [ 9.184389038811565, 31.716072911355383 ], [ 9.183439128065556, 31.716074281586749 ], [ 9.183440193961356, 31.716615611810777 ], [ 9.183123555191829, 31.716616066991435 ], [ 9.183124087230549, 31.716886732090963 ], [ 9.18280744753393, 31.716887186490034 ], [ 9.182807978659861, 31.717157851582822 ], [ 9.182491338036147, 31.717158305200289 ], [ 9.182491868249263, 31.717428970286342 ], [ 9.182175226698456, 31.717429423122169 ], [ 9.182175755998735, 31.717700088201457 ], [ 9.181859113520833, 31.717700540255652 ], [ 9.18185964190825, 31.71797120532818 ], [ 9.181542998503254, 31.717971656600728 ], [ 9.181543525977782, 31.718242321666473 ], [ 9.18122688164569, 31.718242772157343 ], [ 9.181227934776002, 31.718784102263783 ], [ 9.180911288596796, 31.718784551977677 ], [ 9.180912339915366, 31.719325882047521 ], [ 9.179962395815114, 31.719327226498891 ] ] ] } },
{ "type": "Feature", "properties": { "fid": 103, "DN": 1, "solidity": 0.82051282051282048, "compactness": 0.50265482457436694, "area_m2": 14411.437640073418, "layer": "Oil Inventory 2012 (LS)", "path": "/Users/jmeloflorez-local/Research/oil-lakes/data/oil_inventory_2012_LS.gpkg", "year": 2012, "date": "2012-01-01" }, "geometry": { "type": "Polygon", "coordinates": [ [ [ 9.166865982096994, 31.655738246094547 ], [ 9.166865498448196, 31.655467578161801 ], [ 9.166549066911946, 31.655467991468342 ], [ 9.16654713605031, 31.654385319604973 ], [ 9.166863563918099, 31.654384906315823 ], [ 9.166863080301848, 31.654114238325576 ], [ 9.167495934183721, 31.654113409402591 ], [ 9.167496905091093, 31.654654745354136 ], [ 9.167813333856415, 31.65465432970721 ], [ 9.16781382023701, 31.654924997661375 ], [ 9.16749739055458, 31.654925413312668 ], [ 9.167498361501156, 31.65546674919522 ], [ 9.167181929977936, 31.655467164070767 ], [ 9.16718241454388, 31.655737831999154 ], [ 9.166865982096994, 31.655738246094547 ] ] ] } },
{ "type": "Feature", "properties": { "fid": 104, "DN": 1, "solidity": 0.84210526315789469, "compactness": 0.50265482457436694, "area_m2": 14411.427553629444, "layer": "Oil Inventory 2013 (LS)", "path": "/Users/jmeloflorez-local/Research/oil-lakes/data/oil_inventory_2013_LS.gpkg", "year": 2013, "date": "2013-01-01" }, "geometry": { "type": "Polygon", "coordinates": [ [ [ 9.176170297542299, 31.72339250862813 ], [ 9.176169785576883, 31.72312184370179 ], [ 9.175853124563943, 31.723122280906288 ], [ 9.17585056944117, 31.721768956078915 ], [ 9.176483882258195, 31.721768080929341 ], [ 9.176484395109343, 31.722038745908637 ], [ 9.176801052427683, 31.722038307149457 ], [ 9.176801566205917, 31.72230897211265 ], [ 9.177118224437528, 31.722308532562312 ], [ 9.17711873914287, 31.722579197509372 ], [ 9.176802079991061, 31.722579637064321 ], [ 9.176803107582089, 31.72312096693312 ], [ 9.176486446582937, 31.723121405710739 ], [ 9.176486959468587, 31.723392070632482 ], [ 9.176170297542299, 31.72339250862813 ] ] ] } },
{ "type": "Feature", "properties": { "fid": 105, "DN": 1, "solidity": 1.0, "compactness": 0.78539816339744828, "area_m2": 900.71407299852581, "layer": "Oil Inventory 2013 (LS)", "path": "/Users/jmeloflorez-local/Research/oil-lakes/data/oil_inventory_2013_LS.gpkg", "year": 2013, "date": "2013-01-01" }, "geometry": { "type": "Polygon", "coordinates": [ [ [ 9.178379155507487, 31.719329451522228 ], [ 9.178378637205046, 31.719058786455573 ], [ 9.17869528436052, 31.719058343028454 ], [ 9.178695803583009, 31.719329008090465 ], [ 9.178379155507487, 31.719329451522228 ] ] ] } },
{ "type": "Feature", "properties": { "fid": 106, "DN": 1, "solidity": 0.86493506493506489, "compactness": 0.40221082416201503, "area_m2": 299937.69161334913, "layer": "Oil Inventory 2013 (LS)", "path": "/Users/jmeloflorez-local/Research/oil-lakes/data/oil_inventory_2013_LS.gpkg", "year": 2013, "date": "2013-01-01" }, "geometry": { "type": "Polygon", "coordinates": [ [ [ 9.179962395815114, 31.719327226498891 ], [ 9.179961872912434, 31.719056561455602 ], [ 9.179645225784979, 31.719057008028475 ], [ 9.17964470380937, 31.718786342968983 ], [ 9.17901141137347, 31.718787233746063 ], [ 9.179006210402962, 31.716080582424365 ], [ 9.179956121447272, 31.716079245219611 ], [ 9.179955598629011, 31.715808580038171 ], [ 9.180272234709829, 31.715808132735255 ], [ 9.180269092428841, 31.714184141433062 ], [ 9.180585722983482, 31.71418369337206 ], [ 9.180584673773243, 31.713642362855303 ], [ 9.180901302481212, 31.713641914017437 ], [ 9.180900776966896, 31.713371248746515 ], [ 9.181217404748006, 31.713370799127102 ], [ 9.181216878320983, 31.713100133849395 ], [ 9.181533505175238, 31.713099683448437 ], [ 9.181532977835536, 31.712829018163951 ], [ 9.18216622968322, 31.712828115012787 ], [ 9.182165700511113, 31.712557449726255 ], [ 9.183115575469962, 31.712556089116934 ], [ 9.183115043545765, 31.712285423833194 ], [ 9.18469816373519, 31.712283140450179 ], [ 9.184697627219526, 31.712012475178931 ], [ 9.18501425031608, 31.712012016148456 ], [ 9.185014787751468, 31.71228268141488 ], [ 9.185964659756868, 31.712281299591595 ], [ 9.185965199958696, 31.712551964831992 ], [ 9.186281824865713, 31.712551502646914 ], [ 9.186282365994559, 31.712822167870943 ], [ 9.186598991814042, 31.712821704894765 ], [ 9.186600618003586, 31.713633700483168 ], [ 9.186283989424783, 31.713634163473952 ], [ 9.186285071748005, 31.714175493818399 ], [ 9.185968441322311, 31.714175956032619 ], [ 9.185968981575021, 31.714446621192433 ], [ 9.185652350222234, 31.714447082625213 ], [ 9.185652889562379, 31.714717747778355 ], [ 9.185336257282501, 31.714718208429677 ], [ 9.185336795710052, 31.714988873576139 ], [ 9.185020162503085, 31.714989333445988 ], [ 9.185021237540187, 31.715530663714055 ], [ 9.184704602486251, 31.715531122807235 ], [ 9.184705139095767, 31.715801787928836 ], [ 9.184388503114727, 31.7158022462405 ], [ 9.184389038811565, 31.716072911355383 ], [ 9.18375576498808, 31.716073825629312 ], [ 9.183756298852304, 31.716344490742287 ], [ 9.183439661009871, 31.716344946704513 ], [ 9.183440193961356, 31.716615611810777 ], [ 9.183123555191829, 31.716616066991435 ], [ 9.183124087230549, 31.716886732090963 ], [ 9.18280744753393, 31.716887186490034 ], [ 9.182807978659861, 31.717157851582822 ], [ 9.182491338036147, 31.717158305200289 ], [ 9.182491868249263, 31.717428970286342 ], [ 9.182175226698456, 31.717429423122169 ], [ 9.182175755998735, 31.717700088201457 ], [ 9.181859113520833, 31.717700540255652 ], [ 9.18185964190825, 31.71797120532818 ], [ 9.181542998503254, 31.717971656600728 ], [ 9.181543525977782, 31.718242321666473 ], [ 9.18122688164569, 31.718242772157343 ], [ 9.181228461351786, 31.719054767299731 ], [ 9.180911814252545, 31.719055217018358 ], [ 9.180912339915366, 31.719325882047521 ], [ 9.179962395815114, 31.719327226498891 ] ] ] } },
{ "type": "Feature", "properties": { "fid": 107, "DN": 1, "solidity": 0.88888888888888884, "compactness": 0.58904862254808621, "area_m2": 10808.578298866894, "layer": "Oil Inventory 2013 (LS)", "path": "/Users/jmeloflorez-local/Research/oil-lakes/data/oil_inventory_2013_LS.gpkg", "year": 2013, "date": "2013-01-01" }, "geometry": { "type": "Polygon", "coordinates": [ [ [ 9.166865982096994, 31.655738246094547 ], [ 9.166865498448196, 31.655467578161801 ], [ 9.166549066911946, 31.655467991468342 ], [ 9.16654713605031, 31.654385319604973 ], [ 9.167179991779381, 31.654384492242208 ], [ 9.167180476319237, 31.654655160216592 ], [ 9.167496905091093, 31.654654745354136 ], [ 9.167498361501156, 31.65546674919522 ], [ 9.167181929977936, 31.655467164070767 ], [ 9.16718241454388, 31.655737831999154 ], [ 9.166865982096994, 31.655738246094547 ] ] ] } },
{ "type": "Feature", "properties": { "fid": 108, "DN": 1, "solidity": 0.8783783783783784, "compactness": 0.40840704496667313, "area_m2": 292731.97926502832, "layer": "Oil Inventory 2014 (LS)", "path": "/Users/jmeloflorez-local/Research/oil-lakes/data/oil_inventory_2014_LS.gpkg", "year": 2014, "date": "2014-01-01" }, "geometry": { "type": "Polygon", "coordinates": [ [ [ 9.180595167146231, 31.719055665950545 ], [ 9.180594642410515, 31.718785000905147 ], [ 9.17964470380937, 31.718786342968983 ], [ 9.17964365987922, 31.718245012815466 ], [ 9.179327015504809, 31.718245458587852 ], [ 9.179326494470265, 31.717974793489141 ], [ 9.179009851008843, 31.717975238470434 ], [ 9.179006210402962, 31.716080582424365 ], [ 9.179956121447272, 31.716079245219611 ], [ 9.179955075817782, 31.715537914845211 ], [ 9.180271710978715, 31.715537467547001 ], [ 9.180269092428841, 31.714184141433062 ], [ 9.180585722983482, 31.71418369337206 ], [ 9.180584673773243, 31.713642362855303 ], [ 9.180901302481212, 31.713641914017437 ], [ 9.180900776966896, 31.713371248746515 ], [ 9.181217404748006, 31.713370799127102 ], [ 9.181216878320983, 31.713100133849395 ], [ 9.181533505175238, 31.713099683448437 ], [ 9.181532977835536, 31.712829018163951 ], [ 9.18216622968322, 31.712828115012787 ], [ 9.182165700511113, 31.712557449726255 ], [ 9.183432200441949, 31.712555634008019 ], [ 9.183431667598011, 31.712284968729055 ], [ 9.18469816373519, 31.712283140450179 ], [ 9.184697627219526, 31.712012475178931 ], [ 9.185330873405402, 31.712011556331753 ], [ 9.185331411760517, 31.712282221593352 ], [ 9.186281283744146, 31.712280837411374 ], [ 9.186281824865713, 31.712551502646914 ], [ 9.186598449765448, 31.712551039675592 ], [ 9.186600618003586, 31.713633700483168 ], [ 9.186283989424783, 31.713634163473952 ], [ 9.186285071748005, 31.714175493818399 ], [ 9.185968441322311, 31.714175956032619 ], [ 9.185968981575021, 31.714446621192433 ], [ 9.185652350222234, 31.714447082625213 ], [ 9.185652889562379, 31.714717747778355 ], [ 9.185336257282501, 31.714718208429677 ], [ 9.185336795710052, 31.714988873576139 ], [ 9.185020162503085, 31.714989333445988 ], [ 9.185021237540187, 31.715530663714055 ], [ 9.184704602486251, 31.715531122807235 ], [ 9.184705139095767, 31.715801787928836 ], [ 9.184388503114727, 31.7158022462405 ], [ 9.184389038811565, 31.716072911355383 ], [ 9.18375576498808, 31.716073825629312 ], [ 9.183756298852304, 31.716344490742287 ], [ 9.183439661009871, 31.716344946704513 ], [ 9.183440193961356, 31.716615611810777 ], [ 9.183123555191829, 31.716616066991435 ], [ 9.183124087230549, 31.716886732090963 ], [ 9.18280744753393, 31.716887186490034 ], [ 9.182808509792938, 31.717428516664107 ], [ 9.182175226698456, 31.717429423122169 ], [ 9.182175755998735, 31.717700088201457 ], [ 9.181859113520833, 31.717700540255652 ], [ 9.18185964190825, 31.71797120532818 ], [ 9.181542998503254, 31.717971656600728 ], [ 9.181543525977782, 31.718242321666473 ], [ 9.18122688164569, 31.718242772157343 ], [ 9.181227934776002, 31.718784102263783 ], [ 9.180911288596796, 31.718784551977677 ], [ 9.180911814252545, 31.719055217018358 ], [ 9.180595167146231, 31.719055665950545 ] ] ] } },
{ "type": "Feature", "properties": { "fid": 109, "DN": 1, "solidity": 0.88372093023255816, "compactness": 0.59690260418206065, "area_m2": 17113.582138080674, "layer": "Oil Inventory 2014 (LS)", "path": "/Users/jmeloflorez-local/Research/oil-lakes/data/oil_inventory_2014_LS.gpkg", "year": 2014, "date": "2014-01-01" }, "geometry": { "type": "Polygon", "coordinates": [ [ [ 9.166549549643598, 31.655738659405433 ], [ 9.16654713605031, 31.654385319604973 ], [ 9.166863563918099, 31.654384906315823 ], [ 9.166863080301848, 31.654114238325576 ], [ 9.167495934183721, 31.654113409402591 ], [ 9.167496419634141, 31.654384077384119 ], [ 9.167812847482367, 31.654383661741562 ], [ 9.16781382023701, 31.654924997661375 ], [ 9.16749739055458, 31.654925413312668 ], [ 9.167498846984245, 31.655737417119248 ], [ 9.166549549643598, 31.655738659405433 ] ] ] } },
{ "type": "Feature", "properties": { "fid": 110, "DN": 1, "solidity": 1.0, "compactness": 0.78539816339744828, "area_m2": 900.714688906417, "layer": "Oil Inventory 2014 (LS)", "path": "/Users/jmeloflorez-local/Research/oil-lakes/data/oil_inventory_2014_LS.gpkg", "year": 2014, "date": "2014-01-01" }, "geometry": { "type": "Polygon", "coordinates": [ [ [ 9.169385168822004, 31.64896821047353 ], [ 9.169384678001224, 31.648697542288382 ], [ 9.169701086553825, 31.648697122031862 ], [ 9.169701578291445, 31.648967790212591 ], [ 9.169385168822004, 31.64896821047353 ] ] ] } },
{ "type": "Feature", "properties": { "fid": 111, "DN": 1, "solidity": 0.90909090909090906, "compactness": 0.62831853071795862, "area_m2": 4503.5738555900753, "layer": "Oil Inventory 2014 (LS)", "path": "/Users/jmeloflorez-local/Research/oil-lakes/data/oil_inventory_2014_LS.gpkg", "year": 2014, "date": "2014-01-01" }, "geometry": { "type": "Polygon", "coordinates": [ [ [ 9.16811758230391, 31.647887210794259 ], [ 9.168117095176703, 31.647616542545517 ], [ 9.167800690258415, 31.647616958863043 ], [ 9.16780020405454, 31.647346290598424 ], [ 9.16874941603939, 31.647345039306224 ], [ 9.168750393954374, 31.64788637579764 ], [ 9.16811758230391, 31.647887210794259 ] ] ] } },
{ "type": "Feature", "properties": { "fid": 112, "DN": 1, "solidity": 1.0, "compactness": 0.69813170079773179, "area_m2": 1801.4296547277772, "layer": "Oil Inventory 2014 (LS)", "path": "/Users/jmeloflorez-local/Research/oil-lakes/data/oil_inventory_2014_LS.gpkg", "year": 2014, "date": "2014-01-01" }, "geometry": { "type": "Polygon", "coordinates": [ [ [ 9.1671673960319, 31.647347120871959 ], [ 9.167166911668094, 31.647076452587104 ], [ 9.167799717857209, 31.647075622322305 ], [ 9.16780020405454, 31.647346290598424 ], [ 9.1671673960319, 31.647347120871959 ] ] ] } },
{ "type": "Feature", "properties": { "fid": 113, "DN": 1, "solidity": 0.88748419721871052, "compactness": 0.40780289253329044, "area_m2": 316150.53913248749, "layer": "Oil Inventory 2015 (LS)", "path": "/Users/jmeloflorez-local/Research/oil-lakes/data/oil_inventory_2015_LS.gpkg", "year": 2015, "date": "2015-01-01" }, "geometry": { "type": "Polygon", "coordinates": [ [ [ 9.17964574776761, 31.719327673076453 ], [ 9.179645225784979, 31.719057008028475 ], [ 9.179328578650498, 31.719057453814912 ], [ 9.179328057594924, 31.718786788750737 ], [ 9.17901141137347, 31.718787233746063 ], [ 9.179006210402962, 31.716080582424365 ], [ 9.179322847424746, 31.716080137475789 ], [ 9.179322326446282, 31.715809472284977 ], [ 9.179955598629011, 31.715808580038171 ], [ 9.179955075817782, 31.715537914845211 ], [ 9.180271710978715, 31.715537467547001 ], [ 9.180268568740006, 31.71391347617574 ], [ 9.180585198374834, 31.713913028119443 ], [ 9.180584673773243, 31.713642362855303 ], [ 9.180901302481212, 31.713641914017437 ], [ 9.180900776966896, 31.713371248746515 ], [ 9.181217404748006, 31.713370799127102 ], [ 9.181216878320983, 31.713100133849395 ], [ 9.181533505175238, 31.713099683448437 ], [ 9.181532977835536, 31.712829018163951 ], [ 9.18216622968322, 31.712828115012787 ], [ 9.182165700511113, 31.712557449726255 ], [ 9.183115575469962, 31.712556089116934 ], [ 9.183115043545765, 31.712285423833194 ], [ 9.18406491568099, 31.712284056162087 ], [ 9.184064381004774, 31.712013390881207 ], [ 9.185647496487482, 31.71201109572883 ], [ 9.185648035762318, 31.712281760985586 ], [ 9.186281283744146, 31.712280837411374 ], [ 9.186281824865713, 31.712551502646914 ], [ 9.186598449765448, 31.712551039675592 ], [ 9.186598991814042, 31.712821704894765 ], [ 9.186915617626234, 31.712821241132325 ], [ 9.186916160601882, 31.713091906335102 ], [ 9.186599533869931, 31.713092370102409 ], [ 9.186600618003586, 31.713633700483168 ], [ 9.186283989424783, 31.713634163473952 ], [ 9.186285071748005, 31.714175493818399 ], [ 9.185968441322311, 31.714175956032619 ], [ 9.185968981575021, 31.714446621192433 ], [ 9.185652350222234, 31.714447082625213 ], [ 9.185652889562379, 31.714717747778355 ], [ 9.185336257282501, 31.714718208429677 ], [ 9.185337334144849, 31.715259538711091 ], [ 9.18502070001802, 31.71525999858579 ], [ 9.185021237540187, 31.715530663714055 ], [ 9.184704602486251, 31.715531122807235 ], [ 9.184705139095767, 31.715801787928836 ], [ 9.184388503114727, 31.7158022462405 ], [ 9.184389038811565, 31.716072911355383 ], [ 9.184072401903421, 31.716073368885521 ], [ 9.184072936687555, 31.7163440339937 ], [ 9.183439661009871, 31.716344946704513 ], [ 9.183440193961356, 31.716615611810777 ], [ 9.183123555191829, 31.716616066991435 ], [ 9.183124087230549, 31.716886732090963 ], [ 9.18280744753393, 31.716887186490034 ], [ 9.182808509792938, 31.717428516664107 ], [ 9.182491868249263, 31.717428970286342 ], [ 9.182492398469515, 31.717699635360869 ], [ 9.181859113520833, 31.717700540255652 ], [ 9.18185964190825, 31.71797120532818 ], [ 9.181542998503254, 31.717971656600728 ], [ 9.181544053459405, 31.718512986720718 ], [ 9.181227408207304, 31.718513437216327 ], [ 9.181228461351786, 31.719054767299731 ], [ 9.180911814252545, 31.719055217018358 ], [ 9.180912339915366, 31.719325882047521 ], [ 9.17964574776761, 31.719327673076453 ] ] ] } },
{ "type": "Feature", "properties": { "fid": 114, "DN": 1, "solidity": 0.90909090909090906, "compactness": 0.54541539124822802, "area_m2": 22517.871171837236, "layer": "Oil Inventory 2015 (LS)", "path": "/Users/jmeloflorez-local/Research/oil-lakes/data/oil_inventory_2015_LS.gpkg", "year": 2015, "date": "2015-01-01" }, "geometry": { "type": "Polygon", "coordinates": [ [ [ 9.166550032381746, 31.656009327331027 ], [ 9.16654713605031, 31.654385319604973 ], [ 9.166863563918099, 31.654384906315823 ], [ 9.166863080301848, 31.654114238325576 ], [ 9.167179507246045, 31.654113824256306 ], [ 9.167179022719232, 31.653843156258922 ], [ 9.167811874753905, 31.653842325775752 ], [ 9.167814306624152, 31.655195665604033 ], [ 9.167497876024601, 31.6551960812597 ], [ 9.167498846984245, 31.655737417119248 ], [ 9.16718241454388, 31.655737831999154 ], [ 9.167182899116344, 31.656008499916034 ], [ 9.166550032381746, 31.656009327331027 ] ] ] } },
{ "type": "Feature", "properties": { "fid": 115, "DN": 1, "solidity": 1.0, "compactness": 0.69813170079773179, "area_m2": 200.15854435550864, "layer": "Oil Inventory 2016 (S2)", "path": "/Users/jmeloflorez-local/Research/oil-lakes/data/oil_inventory_2016_S2.gpkg", "year": 2016, "date": "2016-01-01" }, "geometry": { "type": "Polygon", "coordinates": [ [ [ 9.187020435197063, 31.71246019941735 ], [ 9.187020073019465, 31.712279755933274 ], [ 9.187125614341264, 31.712279601086976 ], [ 9.187125976723248, 31.712460044569958 ], [ 9.187020435197063, 31.71246019941735 ] ] ] } },
{ "type": "Feature", "properties": { "fid": 116, "DN": 1, "solidity": 0.88789737869492469, "compactness": 0.39073558629023053, "area_m2": 318652.51989853731, "layer": "Oil Inventory 2016 (S2)", "path": "/Users/jmeloflorez-local/Research/oil-lakes/data/oil_inventory_2016_S2.gpkg", "year": 2016, "date": "2016-01-01" }, "geometry": { "type": "Polygon", "coordinates": [ [ [ 9.180490142545315, 31.71932648045529 ], [ 9.18048979292047, 31.719146037099598 ], [ 9.180278694639648, 31.719146335777101 ], [ 9.180278345426846, 31.718965892414207 ], [ 9.179856149673627, 31.718966488716436 ], [ 9.179855801281764, 31.718786045344245 ], [ 9.179433606333852, 31.7187866402442 ], [ 9.179433258762915, 31.718606196862723 ], [ 9.179222161693179, 31.718606493786332 ], [ 9.179220425929698, 31.717704276791835 ], [ 9.179009330901295, 31.71770457335553 ], [ 9.179008290707195, 31.717163243091189 ], [ 9.179219384508974, 31.717162946533719 ], [ 9.179217995991602, 31.716441172784602 ], [ 9.179006903825266, 31.716441469333773 ], [ 9.179005516993097, 31.715719695494474 ], [ 9.179849879098192, 31.715718507234175 ], [ 9.179849530762574, 31.715538063769888 ], [ 9.180060620872208, 31.715537765833183 ], [ 9.180060272130881, 31.715357322365875 ], [ 9.180271361828554, 31.715357024081779 ], [ 9.180269266993353, 31.714274363182952 ], [ 9.180480354234966, 31.714274064561923 ], [ 9.180479305633231, 31.713732734049717 ], [ 9.180690391645298, 31.713732435085507 ], [ 9.180690041708859, 31.713551991573304 ], [ 9.180901127308989, 31.713551692261742 ], [ 9.180900776966896, 31.713371248746515 ], [ 9.181111862155088, 31.713370949087604 ], [ 9.181111160662752, 31.713010062045985 ], [ 9.181322245030225, 31.713009762041821 ], [ 9.181321893879995, 31.71282931851545 ], [ 9.181744061787922, 31.712828717463005 ], [ 9.181743709823284, 31.712648273935709 ], [ 9.181954793363735, 31.712647972887432 ], [ 9.181954440993479, 31.712467529357141 ], [ 9.182587690369528, 31.712466624121994 ], [ 9.18258733677612, 31.712286180592919 ], [ 9.18322058489731, 31.71228527221918 ], [ 9.183220230080769, 31.712104828691359 ], [ 9.183853476947014, 31.712103917179075 ], [ 9.183853120907365, 31.711923473652522 ], [ 9.185963939499068, 31.71192041258649 ], [ 9.185964299626352, 31.712100856091599 ], [ 9.186386464123574, 31.712100239680897 ], [ 9.186386825071622, 31.712280683176576 ], [ 9.186597907724146, 31.712280374444909 ], [ 9.186598269084204, 31.712460817933312 ], [ 9.187020435197063, 31.71246019941735 ], [ 9.187021159562008, 31.712821086370127 ], [ 9.186810075689648, 31.712821395807158 ], [ 9.186811161035074, 31.713362726204466 ], [ 9.186600075933113, 31.713363035298556 ], [ 9.186600437312618, 31.71354347875624 ], [ 9.186389351798624, 31.713543787503045 ], [ 9.186390073749763, 31.713904674407413 ], [ 9.186178987414936, 31.713904982809083 ], [ 9.186179347986556, 31.714085426255746 ], [ 9.185968261239688, 31.714085734310125 ], [ 9.18596862140574, 31.714266177753839 ], [ 9.185757534246834, 31.7142664854609 ], [ 9.185758253771001, 31.714627372337283 ], [ 9.185547165791242, 31.714627679699191 ], [ 9.185547525149348, 31.714808123131856 ], [ 9.185336436757545, 31.714808430146444 ], [ 9.185336795710052, 31.714988873576139 ], [ 9.185125706906211, 31.714989180243407 ], [ 9.18512606545311, 31.715169623670146 ], [ 9.184914976237225, 31.715169929990086 ], [ 9.184915692523012, 31.715530816832484 ], [ 9.184704602486251, 31.715531122807235 ], [ 9.184704960225128, 31.715711566222915 ], [ 9.184493869776322, 31.715711871850328 ], [ 9.184494227109564, 31.715892315263019 ], [ 9.184283136248713, 31.715892620543091 ], [ 9.184283493176318, 31.716073063952798 ], [ 9.183861310627325, 31.716073673468753 ], [ 9.183861666740434, 31.716254116877622 ], [ 9.183650575052297, 31.71625442111349 ], [ 9.183650930759748, 31.716434864519375 ], [ 9.183439838659568, 31.716435168407887 ], [ 9.183440193961356, 31.716615611810777 ], [ 9.183229101449134, 31.716615915351923 ], [ 9.183229456345249, 31.716796358751836 ], [ 9.183018363420983, 31.716796661945605 ], [ 9.18301871791142, 31.716977105342515 ], [ 9.182807624575112, 31.716977408188907 ], [ 9.182807978659861, 31.717157851582822 ], [ 9.182596884911511, 31.717158154081847 ], [ 9.182597238590565, 31.717338597472764 ], [ 9.182386144430174, 31.717338899624398 ], [ 9.182386497703526, 31.717519343012306 ], [ 9.182175403131092, 31.717519644816544 ], [ 9.182175755998735, 31.717700088201457 ], [ 9.181964661014259, 31.717700389658297 ], [ 9.181965013476185, 31.717880833040216 ], [ 9.181753918079664, 31.71788113414965 ], [ 9.181754270135871, 31.718061577528552 ], [ 9.181543174327306, 31.718061878290587 ], [ 9.181543877631407, 31.718422765037246 ], [ 9.18133278100191, 31.718423065453976 ], [ 9.181333834755018, 31.71896439554191 ], [ 9.18112273689567, 31.718964695615419 ], [ 9.181123087744101, 31.719145138969939 ], [ 9.180700891198153, 31.719145738072577 ], [ 9.18070124123191, 31.719326181426172 ], [ 9.180490142545315, 31.71932648045529 ] ] ] } },
{ "type": "Feature", "properties": { "fid": 117, "DN": 1, "solidity": 0.90265486725663713, "compactness": 0.55439870357466936, "area_m2": 20416.203015959109, "layer": "Oil Inventory 2016 (S2)", "path": "/Users/jmeloflorez-local/Research/oil-lakes/data/oil_inventory_2016_S2.gpkg", "year": 2016, "date": "2016-01-01" }, "geometry": { "type": "Polygon", "coordinates": [ [ [ 9.166654866115607, 31.655648299078379 ], [ 9.166652290002999, 31.654204736601589 ], [ 9.167074193007194, 31.654204185030288 ], [ 9.16707354737758, 31.653843294367718 ], [ 9.167284498060159, 31.653843018062968 ], [ 9.167284174842115, 31.653662572725946 ], [ 9.167495125114208, 31.653662296074494 ], [ 9.167495448739835, 31.653842741409566 ], [ 9.167706399416609, 31.653842464407518 ], [ 9.167706723452726, 31.654022909735527 ], [ 9.167917674534179, 31.654022632382897 ], [ 9.167919296796368, 31.654924858936617 ], [ 9.167708343676928, 31.654925136298967 ], [ 9.16770931584634, 31.655466472175704 ], [ 9.167498361501156, 31.65546674919522 ], [ 9.167498685155822, 31.655647194479187 ], [ 9.166654866115607, 31.655648299078379 ] ] ] } },
{ "type": "Feature", "properties": { "fid": 118, "DN": 1, "solidity": 1.0, "compactness": 0.78539816339744828, "area_m2": 100.07863566557353, "layer": "Oil Inventory 2016 (S2)", "path": "/Users/jmeloflorez-local/Research/oil-lakes/data/oil_inventory_2016_S2.gpkg", "year": 2016, "date": "2016-01-01" }, "geometry": { "type": "Polygon", "coordinates": [ [ [ 9.252187974525228, 31.652259939080537 ], [ 9.252187730908194, 31.652169716881396 ], [ 9.252293203784316, 31.652169508446658 ], [ 9.252293447503234, 31.652259730645074 ], [ 9.252187974525228, 31.652259939080537 ] ] ] } },
{ "type": "Feature", "properties": { "fid": 119, "DN": 1, "solidity": 0.81875, "compactness": 0.45727626402251431, "area_m2": 13110.379365452711, "layer": "Oil Inventory 2016 (S2)", "path": "/Users/jmeloflorez-local/Research/oil-lakes/data/oil_inventory_2016_S2.gpkg", "year": 2016, "date": "2016-01-01" }, "geometry": { "type": "Polygon", "coordinates": [ [ [ 9.191913442146154, 31.628365475093418 ], [ 9.191913071710074, 31.628185029279376 ], [ 9.19170217923139, 31.628185346059837 ], [ 9.191701809205693, 31.628004900238473 ], [ 9.191280025052487, 31.628005532750056 ], [ 9.191279286639277, 31.627644641083137 ], [ 9.191068395371815, 31.627644956812063 ], [ 9.191067288997992, 31.627103619266705 ], [ 9.191278179044316, 31.62710330354443 ], [ 9.191277440664239, 31.62674241182641 ], [ 9.191488329893176, 31.626742095760285 ], [ 9.191488699488591, 31.626922541619624 ], [ 9.191910478750582, 31.626921908438113 ], [ 9.191910849163394, 31.62710235428791 ], [ 9.192016294180334, 31.627102195773741 ], [ 9.192016479489746, 31.627192418696158 ], [ 9.192121924607616, 31.627192260094365 ], [ 9.192122851675963, 31.627643374684567 ], [ 9.192333742926824, 31.627643057214193 ], [ 9.192334856657466, 31.628184394673585 ], [ 9.192123964185432, 31.628184712150638 ], [ 9.192124335028581, 31.628365157962442 ], [ 9.191913442146154, 31.628365475093418 ] ] ] } },
{ "type": "Feature", "properties": { "fid": 120, "DN": 1, "solidity": 1.0, "compactness": 0.78539816339744828, "area_m2": 100.0792669026996, "layer": "Oil Inventory 2016 (S2)", "path": "/Users/jmeloflorez-local/Research/oil-lakes/data/oil_inventory_2016_S2.gpkg", "year": 2016, "date": "2016-01-01" }, "geometry": { "type": "Polygon", "coordinates": [ [ [ 9.187412016663085, 31.592102333815408 ], [ 9.187411836044941, 31.59201211037265 ], [ 9.187517241546146, 31.592011955726665 ], [ 9.187517422265874, 31.592102179168879 ], [ 9.187412016663085, 31.592102333815408 ] ] ] } },
{ "type": "Feature", "properties": { "fid": 121, "DN": 1, "solidity": 0.8571428571428571, "compactness": 0.58904862254808621, "area_m2": 300.23780478716071, "layer": "Oil Inventory 2016 (S2)", "path": "/Users/jmeloflorez-local/Research/oil-lakes/data/oil_inventory_2016_S2.gpkg", "year": 2016, "date": "2016-01-01" }, "geometry": { "type": "Polygon", "coordinates": [ [ [ 9.187200844625931, 31.591922195958603 ], [ 9.187200483800027, 31.591741749064507 ], [ 9.187305888998104, 31.591741594594069 ], [ 9.187306069512235, 31.591831818041204 ], [ 9.187411474811086, 31.591831663483269 ], [ 9.187411655427608, 31.591921886928588 ], [ 9.187200844625931, 31.591922195958603 ] ] ] } },
{ "type": "Feature", "properties": { "fid": 122, "DN": 1, "solidity": 0.62360801781737196, "compactness": 0.2171965291370721, "area_m2": 14011.096651223343, "layer": "Oil Inventory 2016 (S2)", "path": "/Users/jmeloflorez-local/Research/oil-lakes/data/oil_inventory_2016_S2.gpkg", "year": 2016, "date": "2016-01-01" }, "geometry": { "type": "Polygon", "coordinates": [ [ [ 9.18762282786785, 31.592102024435412 ], [ 9.18762264704654, 31.592011800993735 ], [ 9.187517241546146, 31.592011955726665 ], [ 9.187517060827231, 31.591921732283158 ], [ 9.187622466226042, 31.591921577550767 ], [ 9.187621923769417, 31.59165090721422 ], [ 9.187727328862671, 31.591650752396518 ], [ 9.187727147943837, 31.591560528948996 ], [ 9.187832552934699, 31.591560374044878 ], [ 9.18783074277524, 31.590658139504875 ], [ 9.187619934824271, 31.59065844921528 ], [ 9.187617041988426, 31.589214873668375 ], [ 9.188038651386485, 31.589214253934578 ], [ 9.188039376201086, 31.589575147843238 ], [ 9.188250181707796, 31.589574837450321 ], [ 9.188250544526259, 31.589755284394823 ], [ 9.188039738613265, 31.589755594789914 ], [ 9.188041188294516, 31.590477382525531 ], [ 9.18825199583268, 31.590477072121733 ], [ 9.188253084346695, 31.591018412863299 ], [ 9.18846389310052, 31.59101810210516 ], [ 9.188464619605442, 31.591378995902989 ], [ 9.188253810038987, 31.591379306665484 ], [ 9.188254535744306, 31.591740200447248 ], [ 9.18783291497634, 31.591740820937559 ], [ 9.187833639069369, 31.592101714707606 ], [ 9.18762282786785, 31.592102024435412 ] ] ] } },
{ "type": "Feature", "properties": { "fid": 123, "DN": 1, "solidity": 1.0, "compactness": 0.78539816339744828, "area_m2": 400.31712180600152, "layer": "Oil Inventory 2016 (S2)", "path": "/Users/jmeloflorez-local/Research/oil-lakes/data/oil_inventory_2016_S2.gpkg", "year": 2016, "date": "2016-01-01" }, "geometry": { "type": "Polygon", "coordinates": [ [ [ 9.18571944160351, 31.589037198270102 ], [ 9.185719083673307, 31.588856751279195 ], [ 9.185929887590497, 31.588856444720403 ], [ 9.18593024592697, 31.589036891709156 ], [ 9.18571944160351, 31.589037198270102 ] ] ] } },
{ "type": "Feature", "properties": { "fid": 124, "DN": 1, "solidity": 0.89958339319063352, "compactness": 0.41475487427853103, "area_m2": 313348.31884281716, "layer": "Oil Inventory 2018 (S2)", "path": "/Users/jmeloflorez-local/Research/oil-lakes/data/oil_inventory_2018_S2.gpkg", "year": 2018, "date": "2018-01-01" }, "geometry": { "type": "Polygon", "coordinates": [ [ [ 9.180067596355695, 31.719146634105069 ], [ 9.180067247551802, 31.71896619074008 ], [ 9.179645051792328, 31.718966786343255 ], [ 9.17964470380937, 31.718786342968983 ], [ 9.179433606333852, 31.7187866402442 ], [ 9.179433258762915, 31.718606196862723 ], [ 9.179222161693179, 31.718606493786332 ], [ 9.179221814534255, 31.718426050397674 ], [ 9.179010717870304, 31.718426346969679 ], [ 9.179008290707195, 31.717163243091189 ], [ 9.179219384508974, 31.717162946533719 ], [ 9.179217995991602, 31.716441172784602 ], [ 9.179006903825266, 31.716441469333773 ], [ 9.179005516993097, 31.715719695494474 ], [ 9.179849879098192, 31.715718507234175 ], [ 9.179849530762574, 31.715538063769888 ], [ 9.180060620872208, 31.715537765833183 ], [ 9.180060272130881, 31.715357322365875 ], [ 9.180271361828554, 31.715357024081779 ], [ 9.180269266993353, 31.714274363182952 ], [ 9.180480354234966, 31.714274064561923 ], [ 9.180479305633231, 31.713732734049717 ], [ 9.180690391645298, 31.713732435085507 ], [ 9.180689691775557, 31.713371548055978 ], [ 9.180900776966896, 31.713371248746515 ], [ 9.180900426627943, 31.713190805226162 ], [ 9.181111511407348, 31.713190505569351 ], [ 9.181111160662752, 31.713010062045985 ], [ 9.181322245030225, 31.713009762041821 ], [ 9.181321893879995, 31.71282931851545 ], [ 9.181532977835536, 31.712829018163951 ], [ 9.181532626279674, 31.712648574634553 ], [ 9.181954793363735, 31.712647972887432 ], [ 9.181954440993479, 31.712467529357141 ], [ 9.182376607247345, 31.712466926216479 ], [ 9.182376254062707, 31.71228648268529 ], [ 9.183009502193425, 31.712285575359864 ], [ 9.183009147785651, 31.712105131829912 ], [ 9.183642394661454, 31.712104221365937 ], [ 9.18364203903057, 31.711923777837256 ], [ 9.185963939499068, 31.71192041258649 ], [ 9.185964299626352, 31.712100856091599 ], [ 9.186386464123574, 31.712100239680897 ], [ 9.186386825071622, 31.712280683176576 ], [ 9.186492366398289, 31.712280528854421 ], [ 9.186493269293544, 31.712731637568531 ], [ 9.186598811130366, 31.712731483156315 ], [ 9.186600075933113, 31.713363035298556 ], [ 9.186388990827911, 31.713363344043184 ], [ 9.186389712772575, 31.713724230957794 ], [ 9.186178626846544, 31.713724539357305 ], [ 9.186179347986556, 31.714085426255746 ], [ 9.185968261239688, 31.714085734310125 ], [ 9.18596862140574, 31.714266177753839 ], [ 9.185757534246834, 31.7142664854609 ], [ 9.185757894007303, 31.714446928901648 ], [ 9.18554680643636, 31.714447236261407 ], [ 9.185547525149348, 31.714808123131856 ], [ 9.185125348362526, 31.714808736811563 ], [ 9.18512606545311, 31.715169623670146 ], [ 9.184914976237225, 31.715169929990086 ], [ 9.184915334378513, 31.715350373413859 ], [ 9.184704244750588, 31.715350679386457 ], [ 9.184704602486251, 31.715531122807235 ], [ 9.184493512446284, 31.715531428432509 ], [ 9.184493869776322, 31.715711871850328 ], [ 9.184282779324311, 31.715712177128253 ], [ 9.184283136248713, 31.715892620543091 ], [ 9.18407204538466, 31.715892925473675 ], [ 9.184072401903421, 31.716073368885521 ], [ 9.183650219348035, 31.716073977702496 ], [ 9.183650575052297, 31.71625442111349 ], [ 9.183439483360969, 31.716254724999871 ], [ 9.183439838659568, 31.716435168407887 ], [ 9.183228746556203, 31.716435471946912 ], [ 9.183229456345249, 31.716796358751836 ], [ 9.183018363420983, 31.716796661945605 ], [ 9.18301871791142, 31.716977105342515 ], [ 9.182807624575112, 31.716977408188907 ], [ 9.182807978659861, 31.717157851582822 ], [ 9.182596884911511, 31.717158154081847 ], [ 9.182597238590565, 31.717338597472764 ], [ 9.182386144430174, 31.717338899624398 ], [ 9.182386497703526, 31.717519343012306 ], [ 9.181964308555491, 31.717519946271274 ], [ 9.181964661014259, 31.717700389658297 ], [ 9.18175356602662, 31.717700690765632 ], [ 9.181754270135871, 31.718061577528552 ], [ 9.181543174327306, 31.718061878290587 ], [ 9.181543525977782, 31.718242321666473 ], [ 9.181332429757175, 31.718242622081096 ], [ 9.181333483500833, 31.718783952184381 ], [ 9.181122386050387, 31.718784252255798 ], [ 9.18112273689567, 31.718964695615419 ], [ 9.180911639033177, 31.718964995339409 ], [ 9.180911989472699, 31.719145438696021 ], [ 9.180067596355695, 31.719146634105069 ] ] ] } },
{ "type": "Feature", "properties": { "fid": 125, "DN": 1, "solidity": 0.88111888111888115, "compactness": 0.49480084294039245, "area_m2": 25220.015348384768, "layer": "Oil Inventory 2018 (S2)", "path": "/Users/jmeloflorez-local/Research/oil-lakes/data/oil_inventory_2018_S2.gpkg", "year": 2018, "date": "2018-01-01" }, "geometry": { "type": "Polygon", "coordinates": [ [ [ 9.167077098483833, 31.655828192758854 ], [ 9.167076775641508, 31.655647747476124 ], [ 9.166654866115607, 31.655648299078379 ], [ 9.166652290002999, 31.654204736601589 ], [ 9.166863241506542, 31.654204460990261 ], [ 9.166862919097877, 31.654024015659601 ], [ 9.16707387019094, 31.654023739701557 ], [ 9.167073224567119, 31.653662849028766 ], [ 9.167495125114208, 31.653662296074494 ], [ 9.167494801491486, 31.653481850734309 ], [ 9.167705751353097, 31.653481573736158 ], [ 9.1677060753834, 31.653662019074389 ], [ 9.167917025649682, 31.653661741725639 ], [ 9.167917350090475, 31.653842187056835 ], [ 9.168128300761431, 31.653841909357496 ], [ 9.168129600184081, 31.654563690623327 ], [ 9.167918647882759, 31.654563968330457 ], [ 9.167919621257537, 31.655105304232006 ], [ 9.167708667730491, 31.655105581596317 ], [ 9.16770931584634, 31.655466472175704 ], [ 9.167498361501156, 31.65546674919522 ], [ 9.167498685155822, 31.655647194479187 ], [ 9.167287730400115, 31.655647471151987 ], [ 9.167288053650063, 31.655827916432791 ], [ 9.167077098483833, 31.655828192758854 ] ] ] } },
{ "type": "Feature", "properties": { "fid": 126, "DN": 1, "solidity": 1.0, "compactness": 0.78539816339744828, "area_m2": 400.3170447445882, "layer": "Oil Inventory 2018 (S2)", "path": "/Users/jmeloflorez-local/Research/oil-lakes/data/oil_inventory_2018_S2.gpkg", "year": 2018, "date": "2018-01-01" }, "geometry": { "type": "Polygon", "coordinates": [ [ [ 9.188043000469275, 31.591379617080197 ], [ 9.188042638027815, 31.591199170179461 ], [ 9.188253447191212, 31.591198859766948 ], [ 9.188253810038987, 31.591379306665484 ], [ 9.188043000469275, 31.591379617080197 ] ] ] } },
{ "type": "Feature", "properties": { "fid": 127, "DN": 1, "solidity": 0.88544018058690743, "compactness": 0.40509195212708626, "area_m2": 314048.87374401989, "layer": "Oil Inventory 2019 (S2)", "path": "/Users/jmeloflorez-local/Research/oil-lakes/data/oil_inventory_2019_S2.gpkg", "year": 2019, "date": "2019-01-01" }, "geometry": { "type": "Polygon", "coordinates": [ [ [ 9.180490142545315, 31.71932648045529 ], [ 9.18048979292047, 31.719146037099598 ], [ 9.180067596355695, 31.719146634105069 ], [ 9.180067247551802, 31.71896619074008 ], [ 9.179645051792328, 31.718966786343255 ], [ 9.17964470380937, 31.718786342968983 ], [ 9.179433606333852, 31.7187866402442 ], [ 9.179433258762915, 31.718606196862723 ], [ 9.179222161693179, 31.718606493786332 ], [ 9.179221814534255, 31.718426050397674 ], [ 9.179010717870304, 31.718426346969679 ], [ 9.179008290707195, 31.717163243091189 ], [ 9.179219384508974, 31.717162946533719 ], [ 9.179217995991602, 31.716441172784602 ], [ 9.179006903825266, 31.716441469333773 ], [ 9.179005516993097, 31.715719695494474 ], [ 9.179849879098192, 31.715718507234175 ], [ 9.179849530762574, 31.715538063769888 ], [ 9.180060620872208, 31.715537765833183 ], [ 9.180060272130881, 31.715357322365875 ], [ 9.180271361828554, 31.715357024081779 ], [ 9.180269616124724, 31.714454806678877 ], [ 9.180480703775149, 31.714454508055766 ], [ 9.180479305633231, 31.713732734049717 ], [ 9.180690391645298, 31.713732435085507 ], [ 9.180689691775557, 31.713371548055978 ], [ 9.180900776966896, 31.713371248746515 ], [ 9.180900426627943, 31.713190805226162 ], [ 9.181322596183605, 31.713190205563095 ], [ 9.181321893879995, 31.71282931851545 ], [ 9.181744061787922, 31.712828717463005 ], [ 9.181743709823284, 31.712648273935709 ], [ 9.181954793363735, 31.712647972887432 ], [ 9.181954440993479, 31.712467529357141 ], [ 9.182587690369528, 31.712466624121994 ], [ 9.18258733677612, 31.712286180592919 ], [ 9.18322058489731, 31.71228527221918 ], [ 9.183220230080769, 31.712104828691359 ], [ 9.183853476947014, 31.712103917179075 ], [ 9.183853120907365, 31.711923473652522 ], [ 9.185752857654373, 31.711920720265546 ], [ 9.185753217372895, 31.712101163772804 ], [ 9.186175381876581, 31.71210054806097 ], [ 9.186175742415863, 31.712280991558806 ], [ 9.186492366398289, 31.712280528854421 ], [ 9.186492727553961, 31.712460972343916 ], [ 9.186598269084204, 31.712460817933312 ], [ 9.186600437312618, 31.71354347875624 ], [ 9.186389351798624, 31.713543787503045 ], [ 9.186389712772575, 31.713724230957794 ], [ 9.186178626846544, 31.713724539357305 ], [ 9.186179347986556, 31.714085426255746 ], [ 9.185968261239688, 31.714085734310125 ], [ 9.18596862140574, 31.714266177753839 ], [ 9.185757534246834, 31.7142664854609 ], [ 9.185757894007303, 31.714446928901648 ], [ 9.18554680643636, 31.714447236261407 ], [ 9.185547525149348, 31.714808123131856 ], [ 9.185336436757545, 31.714808430146444 ], [ 9.185336795710052, 31.714988873576139 ], [ 9.185125706906211, 31.714989180243407 ], [ 9.18512606545311, 31.715169623670146 ], [ 9.184914976237225, 31.715169929990086 ], [ 9.184915692523012, 31.715530816832484 ], [ 9.184704602486251, 31.715531122807235 ], [ 9.184704960225128, 31.715711566222915 ], [ 9.184493869776322, 31.715711871850328 ], [ 9.184494227109564, 31.715892315263019 ], [ 9.18407204538466, 31.715892925473675 ], [ 9.184072401903421, 31.716073368885521 ], [ 9.183861310627325, 31.716073673468753 ], [ 9.183861666740434, 31.716254116877622 ], [ 9.183650575052297, 31.71625442111349 ], [ 9.183650930759748, 31.716434864519375 ], [ 9.183228746556203, 31.716435471946912 ], [ 9.183229456345249, 31.716796358751836 ], [ 9.183018363420983, 31.716796661945605 ], [ 9.18301871791142, 31.716977105342515 ], [ 9.182807624575112, 31.716977408188907 ], [ 9.182807978659861, 31.717157851582822 ], [ 9.182596884911511, 31.717158154081847 ], [ 9.182597238590565, 31.717338597472764 ], [ 9.182386144430174, 31.717338899624398 ], [ 9.182386497703526, 31.717519343012306 ], [ 9.181964308555491, 31.717519946271274 ], [ 9.181964661014259, 31.717700389658297 ], [ 9.18175356602662, 31.717700690765632 ], [ 9.181753918079664, 31.71788113414965 ], [ 9.181542822679988, 31.717881434909586 ], [ 9.181543877631407, 31.718422765037246 ], [ 9.18133278100191, 31.718423065453976 ], [ 9.181333483500833, 31.718783952184381 ], [ 9.181122386050387, 31.718784252255798 ], [ 9.181123087744101, 31.719145138969939 ], [ 9.180700891198153, 31.719145738072577 ], [ 9.18070124123191, 31.719326181426172 ], [ 9.180490142545315, 31.71932648045529 ] ] ] } },
{ "type": "Feature", "properties": { "fid": 128, "DN": 1, "solidity": 0.89230769230769236, "compactness": 0.50474341802827694, "area_m2": 23218.426986054095, "layer": "Oil Inventory 2019 (S2)", "path": "/Users/jmeloflorez-local/Research/oil-lakes/data/oil_inventory_2019_S2.gpkg", "year": 2019, "date": "2019-01-01" }, "geometry": { "type": "Polygon", "coordinates": [ [ [ 9.167077098483833, 31.655828192758854 ], [ 9.167076775641508, 31.655647747476124 ], [ 9.166654866115607, 31.655648299078379 ], [ 9.166652290002999, 31.654204736601589 ], [ 9.166863241506542, 31.654204460990261 ], [ 9.166862919097877, 31.654024015659601 ], [ 9.16707387019094, 31.654023739701557 ], [ 9.167073224567119, 31.653662849028766 ], [ 9.167495125114208, 31.653662296074494 ], [ 9.167494801491486, 31.653481850734309 ], [ 9.167705751353097, 31.653481573736158 ], [ 9.1677060753834, 31.653662019074389 ], [ 9.167917025649682, 31.653661741725639 ], [ 9.167919296796368, 31.654924858936617 ], [ 9.167708343676928, 31.654925136298967 ], [ 9.16770931584634, 31.655466472175704 ], [ 9.167498361501156, 31.65546674919522 ], [ 9.167498685155822, 31.655647194479187 ], [ 9.167287730400115, 31.655647471151987 ], [ 9.167288053650063, 31.655827916432791 ], [ 9.167077098483833, 31.655828192758854 ] ] ] } },
{ "type": "Feature", "properties": { "fid": 129, "DN": 1, "solidity": 0.85209713024282563, "compactness": 0.35332292819977612, "area_m2": 270414.29509468493, "layer": "Oil Inventory 2020 (S2)", "path": "/Users/jmeloflorez-local/Research/oil-lakes/data/oil_inventory_2020_S2.gpkg", "year": 2020, "date": "2020-01-01" }, "geometry": { "type": "Polygon", "coordinates": [ [ [ 9.180067247551802, 31.71896619074008 ], [ 9.180066549953398, 31.718605303994767 ], [ 9.179644355829533, 31.718605899589598 ], [ 9.17964470380937, 31.718786342968983 ], [ 9.179433606333852, 31.7187866402442 ], [ 9.179433258762915, 31.718606196862723 ], [ 9.179222161693179, 31.718606493786332 ], [ 9.179220078786344, 31.717523833377577 ], [ 9.179431173402756, 31.717523536466441 ], [ 9.179429088154823, 31.716440875885958 ], [ 9.179217995991602, 31.716441172784602 ], [ 9.179216607524046, 31.715719398953631 ], [ 9.17942769805188, 31.715719102063293 ], [ 9.179428045572941, 31.715899545526632 ], [ 9.179639136506497, 31.715899248284739 ], [ 9.179639484439521, 31.716079691740884 ], [ 9.180272758447989, 31.716078797912001 ], [ 9.180272409288433, 31.715898354462126 ], [ 9.180483500209485, 31.715898055822279 ], [ 9.180480354234966, 31.714274064561923 ], [ 9.180691441473446, 31.714273765591443 ], [ 9.180690041708859, 31.713551991573304 ], [ 9.180901127308989, 31.713551692261742 ], [ 9.180900776966896, 31.713371248746515 ], [ 9.181111862155088, 31.713370949087604 ], [ 9.181111511407348, 31.713190505569351 ], [ 9.181322596183605, 31.713190205563095 ], [ 9.181322245030225, 31.713009762041821 ], [ 9.181533329394549, 31.71300946168822 ], [ 9.181532977835536, 31.712829018163951 ], [ 9.181744061787922, 31.712828717463005 ], [ 9.181743709823284, 31.712648273935709 ], [ 9.182165876901026, 31.712647671489712 ], [ 9.182165524121993, 31.712467227961533 ], [ 9.182798773488539, 31.712466321678061 ], [ 9.182798419486359, 31.712285878151111 ], [ 9.183431667598011, 31.712284968729055 ], [ 9.183431312372706, 31.712104525203358 ], [ 9.184275641508547, 31.712103307757051 ], [ 9.184275284651372, 31.711922864234769 ], [ 9.185330693955308, 31.711921334575333 ], [ 9.185331052856302, 31.7121017780869 ], [ 9.185647676244955, 31.712101317482364 ], [ 9.185648035762318, 31.712281760985586 ], [ 9.185542494429191, 31.712281914608869 ], [ 9.185542853745394, 31.712462358108066 ], [ 9.185331770667949, 31.712462665094698 ], [ 9.185332488492472, 31.712823552082014 ], [ 9.18554357238747, 31.712823245091087 ], [ 9.185543931713344, 31.713003688574915 ], [ 9.1857550160139, 31.713003381232376 ], [ 9.185755375751782, 31.713183824708953 ], [ 9.186177545160783, 31.71318320897123 ], [ 9.186178987414936, 31.713904982809083 ], [ 9.18596790107687, 31.713905290861302 ], [ 9.18596862140574, 31.714266177753839 ], [ 9.185757534246834, 31.7142664854609 ], [ 9.185757894007303, 31.714446928901648 ], [ 9.18554680643636, 31.714447236261407 ], [ 9.185547165791242, 31.714627679699191 ], [ 9.185336077808261, 31.714627986711626 ], [ 9.185336436757545, 31.714808430146444 ], [ 9.185125348362526, 31.714808736811563 ], [ 9.185125706906211, 31.714989180243407 ], [ 9.184914618099153, 31.714989486561198 ], [ 9.184915334378513, 31.715350373413859 ], [ 9.184704244750588, 31.715350679386457 ], [ 9.184704602486251, 31.715531122807235 ], [ 9.184493512446284, 31.715531428432509 ], [ 9.184493869776322, 31.715711871850328 ], [ 9.184282779324311, 31.715712177128253 ], [ 9.184283136248713, 31.715892620543091 ], [ 9.18386095451741, 31.715893230054768 ], [ 9.183861310627325, 31.716073673468753 ], [ 9.183650219348035, 31.716073977702496 ], [ 9.183650575052297, 31.71625442111349 ], [ 9.183439483360969, 31.716254724999871 ], [ 9.183439838659568, 31.716435168407887 ], [ 9.183228746556203, 31.716435471946912 ], [ 9.183229101449134, 31.716615915351923 ], [ 9.183018008933729, 31.716616218543574 ], [ 9.183018363420983, 31.716796661945605 ], [ 9.182807270493539, 31.716796964789886 ], [ 9.182807978659861, 31.717157851582822 ], [ 9.182385791159991, 31.717158456231353 ], [ 9.182386144430174, 31.717338899624398 ], [ 9.182175050266613, 31.717339201426512 ], [ 9.182175403131092, 31.717519644816544 ], [ 9.18175321397673, 31.717520247376491 ], [ 9.18175356602662, 31.717700690765632 ], [ 9.181542471035822, 31.717700991523451 ], [ 9.181543525977782, 31.718242321666473 ], [ 9.181332429757175, 31.718242622081096 ], [ 9.181333132249796, 31.718603508821737 ], [ 9.181122035208251, 31.71860380889105 ], [ 9.18112273689567, 31.718964695615419 ], [ 9.180067247551802, 31.71896619074008 ] ] ] } },
{ "type": "Feature", "properties": { "fid": 130, "DN": 1, "solidity": 0.87850467289719625, "compactness": 0.51091645231391092, "area_m2": 18814.932250740341, "layer": "Oil Inventory 2020 (S2)", "path": "/Users/jmeloflorez-local/Research/oil-lakes/data/oil_inventory_2020_S2.gpkg", "year": 2020, "date": "2020-01-01" }, "geometry": { "type": "Polygon", "coordinates": [ [ [ 9.166865820880004, 31.65564802345158 ], [ 9.166865498448196, 31.655467578161801 ], [ 9.166654544091418, 31.655467853786664 ], [ 9.166652290002999, 31.654204736601589 ], [ 9.166863241506542, 31.654204460990261 ], [ 9.166862919097877, 31.654024015659601 ], [ 9.16707387019094, 31.654023739701557 ], [ 9.167073224567119, 31.653662849028766 ], [ 9.167495125114208, 31.653662296074494 ], [ 9.167495448739835, 31.653842741409566 ], [ 9.167706399416609, 31.653842464407518 ], [ 9.167707047491751, 31.654203355058435 ], [ 9.167917998980794, 31.654203077703865 ], [ 9.167918972338107, 31.654744413636095 ], [ 9.167708019626271, 31.654744690996505 ], [ 9.167708667730491, 31.655105581596317 ], [ 9.167497714200534, 31.655105858611961 ], [ 9.167498361501156, 31.65546674919522 ], [ 9.167287407153069, 31.655467025866081 ], [ 9.167287730400115, 31.655647471151987 ], [ 9.166865820880004, 31.65564802345158 ] ] ] } },
{ "type": "Feature", "properties": { "fid": 131, "DN": 1, "solidity": 1.0, "compactness": 0.78539816339744828, "area_m2": 400.31712180978502, "layer": "Oil Inventory 2020 (S2)", "path": "/Users/jmeloflorez-local/Research/oil-lakes/data/oil_inventory_2020_S2.gpkg", "year": 2020, "date": "2020-01-01" }, "geometry": { "type": "Polygon", "coordinates": [ [ [ 9.185719799536926, 31.5892176452559 ], [ 9.18571944160351, 31.589037198270102 ], [ 9.18593024592697, 31.589036891709156 ], [ 9.185930604266659, 31.589217338692798 ], [ 9.185719799536926, 31.5892176452559 ] ] ] } }
]
}
